ALLSKY_SFC_SW_DWN,ALLSKY_KT,WS2M,T2M,QV2M,RH2M,PRECTOTCORR,PS,WS10M,WD10M,WD50M,WS50M,CYCLONE
3.62,0.45,3.27,26.12,18.19,86.19,1.6,100.96,3.58,135.88,136.19,3.78,1
4.43,0.55,2.45,25.67,17.4,84.69,1.82,100.91,2.63,220,219.75,2.75,1
4.81,0.59,5.89,26.05,17.21,81.94,0.15,100.99,6.75,111.44,111.5,7.38,1
5.08,0.62,6.96,26.06,14.59,69.69,0,101.15,8,18.06,18.31,8.7,0
4.93,0.6,6.77,25.72,14.59,71,0,101.06,7.74,20,20.25,8.37,0
3.77,0.46,6.23,25.8,14.71,71.12,0.19,100.98,7.09,14.81,15.25,7.61,0
1.84,0.23,6.89,26.28,15.62,73.31,0.29,100.99,7.95,19.38,19.75,8.66,0
2.71,0.33,7.44,26.48,16.85,78.38,0.75,101.1,8.66,45,45.56,9.55,0
2.03,0.24,6.63,26.52,17.58,81.75,3.53,101.31,7.67,53.69,54.19,8.41,0
4.85,0.59,5.49,26.62,16.72,77.44,1.04,101.41,6.26,43.19,43.56,6.77,0
5.15,0.62,4.98,26.48,16.11,75.06,0.03,101.39,5.62,37.94,38.12,6.04,0
5.53,0.66,4.27,26.18,16.05,76.12,0,101.37,4.75,56.56,56.81,5.05,0
5.2,0.62,3.79,26,15.56,74.69,0.01,101.32,4.17,50.44,50.44,4.4,0
5.1,0.61,4.75,26.28,14.77,69.81,0,101.32,5.31,46.69,46.81,5.68,0
4.98,0.59,5.51,26.24,15.08,71.38,0,101.29,6.24,33.44,33.56,6.73,0
5.24,0.62,5.88,25.49,13.73,67.81,0,101.22,6.65,28,28,7.15,0
5.08,0.6,5.7,25.3,13.85,69.12,0,101.23,6.42,35.19,35.38,6.88,0
4.99,0.59,6.02,25.17,14.04,70.56,0,101.23,6.81,30.94,31.06,7.34,0
4.52,0.53,5.25,25.16,13.92,70.25,0,101.27,5.89,34.69,34.75,6.3,0
4.42,0.52,5.3,25.16,14.16,71.31,0,101.21,5.95,29.62,29.81,6.34,0
5.69,0.67,5.27,24.92,14.22,72.62,0,101.16,5.9,30.75,30.88,6.28,0
4.63,0.54,4.35,24.96,14.47,73.81,0.23,101.08,4.81,37.06,37.5,5.07,0
3.85,0.45,4.12,25.65,15.32,74.81,1.34,101.04,4.56,26.75,27.12,4.8,0
4.86,0.56,4.05,25.68,15.5,75.44,3.08,100.94,4.49,19.88,20.19,4.72,0
4.99,0.58,5.12,25.83,15.26,73.75,0.97,100.91,5.78,25.62,26.06,6.17,0
4.48,0.52,5.77,25.93,15.81,75.81,1.41,100.97,6.58,35.38,35.81,7.09,0
3.73,0.43,6.13,26.15,15.5,73.56,0.09,101.01,7.05,33.75,34.06,7.68,0
3.43,0.4,6.79,25.89,15.44,74.56,0.63,101.11,7.85,39,39.44,8.59,0
4.71,0.54,6.2,25.87,14.77,71.44,0.03,101.25,7.12,39.38,39.69,7.73,0
6.25,0.71,5.7,25.6,13.79,67.69,0,101.29,6.47,32,32.19,6.96,0
6.31,0.72,4.36,24.93,13.06,66.81,0,101.34,4.82,33.81,33.94,5.09,0
6.57,0.74,3.59,25,11.78,60.06,0,101.33,3.92,53.56,53.56,4.12,0
6.4,0.73,3.13,25.04,11.72,59.69,0,101.3,3.4,53.94,53.94,3.56,0
6.24,0.7,4.77,24.67,13.37,69.44,0,101.33,5.3,58.44,58.75,5.63,0
6.54,0.73,4.6,24.74,14.16,73.25,0,101.36,5.11,52.69,53.12,5.41,0
5.94,0.66,4.86,25.69,16.24,79.38,0.04,101.47,5.48,59.56,60.44,5.89,0
6.28,0.7,4.14,25.76,15.2,73.94,0,101.45,4.61,51.38,52.31,4.87,0
6.26,0.7,2.41,25.32,13.92,69.75,0,101.33,2.59,85.31,86,2.68,0
6.19,0.69,3.16,25.27,14.71,73.62,0,101.24,3.45,68.94,69.06,3.61,0
6.01,0.66,3.11,25.5,14.77,72.88,0,101.24,3.38,62.06,62.25,3.56,0
5.77,0.63,4.16,26.18,14.89,70.62,0,101.38,4.64,67.62,67.75,4.98,0
6.11,0.67,5.47,26.39,15.26,71.56,0,101.44,6.25,58.94,58.94,6.83,0
5.59,0.61,5.36,26.11,15.5,74,0.4,101.5,6.1,53.56,53.75,6.62,0
5.72,0.62,4.48,26.3,16.36,77.31,0.32,101.59,5.06,52.38,52.75,5.47,0
4.74,0.52,4.58,26.49,16.85,78.69,0.19,101.61,5.2,38,38.25,5.66,0
6.22,0.67,5.43,26.4,16.05,75.38,0,101.63,6.2,35.81,36,6.77,0
6.42,0.69,5.83,25.77,14.53,70.81,0,101.5,6.64,26.19,26.31,7.2,0
6.49,0.7,4.27,25.16,13.18,66.44,0,101.23,4.71,25.31,25.56,5.01,0
6.71,0.72,3.95,25.12,13.67,68.94,0,101.19,4.34,46.69,46.88,4.6,0
6.74,0.72,4.43,25.47,14.22,70.31,0,101.23,4.92,54.62,54.94,5.26,0
6.66,0.7,4.91,25.49,14.53,71.75,0,101.19,5.5,46.69,47,5.91,0
6.68,0.7,4.66,25.74,14.4,70.12,0,101.06,5.22,46.75,47.25,5.59,0
6.58,0.7,4.96,26.1,15.2,72.38,0,101.07,5.59,50.69,51.06,6.02,0
6.56,0.69,4.79,26.48,15.01,70,0,101.13,5.38,51.56,52,5.78,0
6.73,0.7,5.67,26.64,15.75,72.62,0,101.28,6.48,53,53.44,7.04,0
6.56,0.69,5.78,26.8,16.42,75,0.03,101.25,6.61,50.12,50.56,7.2,0
6.79,0.71,4.41,26.86,16.91,76.88,0.28,101.17,4.94,47.88,48.25,5.28,0
6.58,0.68,4.08,27.08,16.54,74.38,0.34,101.15,4.55,60.75,61.12,4.86,0
5.89,0.61,3.56,27.21,15.87,70.69,0.01,101.14,3.93,49.06,49.38,4.17,0
6.31,0.65,3.38,27.12,15.32,68.75,0,101.07,3.72,39.06,39.31,3.92,0
6.96,0.72,3.1,26.69,15.56,71.69,0,101.05,3.38,41.5,41.81,3.56,0
7.16,0.73,1.66,26.51,14.28,66.19,0,101,1.75,62,62.44,1.82,0
6.8,0.7,1.84,26.22,15.75,74.44,0,101.04,1.96,99.56,99.44,2.04,0
6.87,0.7,2.8,26.59,15.99,73.88,0,101.1,3.02,58.81,58.94,3.2,0
6.91,0.7,3.63,26.83,16.3,74.25,0,101.13,3.99,41.06,41.38,4.23,0
6.75,0.69,3.83,26.79,17.33,79,0,101.11,4.23,40.56,41,4.51,0
6.6,0.66,4.34,27.33,18.19,80.5,0.42,101.1,4.87,51.5,51.94,5.25,0
6.22,0.62,5.44,27.49,16.48,72.19,0.09,101.09,6.2,52.12,52.25,6.78,0
6.63,0.66,4.91,27.25,15.93,70.81,0,101.12,5.54,53.81,54.06,5.95,0
6.64,0.66,4.06,27.29,17.09,75.88,0.26,101.18,4.53,66.25,66.5,4.84,0
6.31,0.63,3.09,27.31,16.11,71.69,0,101.26,3.38,77.06,77.19,3.56,0
6.04,0.6,3.11,27.73,15.14,65.5,0,101.22,3.41,71.88,72.12,3.6,0
6.86,0.68,2.05,27.26,15.87,70.38,0,101.13,2.2,126.06,125.88,2.3,1
6.64,0.66,2.19,27.01,17.33,78.31,1.53,101.11,2.34,151.75,151.69,2.44,1
6.6,0.66,1.2,26.47,17.58,81.88,0.44,101.09,1.27,173.19,173.19,1.3,1
6.94,0.69,1.36,26.66,15.99,73.69,0,101.14,1.43,192.5,192.19,1.48,1
6.81,0.67,1.86,26.98,15.75,71.31,0,101.22,1.97,46.94,46.88,2.04,0
6.5,0.64,2.8,26.91,17.46,79.12,0.44,101.26,3.03,45.12,45.19,3.18,0
6.81,0.67,2.31,27.07,16.66,74.88,0.08,101.16,2.48,36.56,36.75,2.61,0
7,0.69,1.41,26.83,15.69,71.38,0,101.07,1.48,152.25,152.12,1.52,1
6.55,0.64,1.16,26.87,15.14,68.81,0,100.93,1.22,159.88,159.81,1.24,1
6.2,0.61,1.92,27.3,15.44,68.38,0,100.94,2.05,161.12,161.12,2.12,1
6.63,0.65,2.61,27.51,15.75,68.88,0,101.12,2.82,93.19,93.12,2.95,0
6.96,0.68,3.62,27.48,16.91,74.25,0,101.27,3.98,65.88,65.94,4.2,0
5.36,0.52,2.39,27.45,17.4,76.62,1.54,101.27,2.58,77,77.44,2.7,0
6.47,0.62,0.76,27.44,17.27,76.12,2.59,101.16,0.8,219.88,220.06,0.82,1
6.79,0.66,1.7,28.03,18.19,77.25,0.06,101.11,1.8,207.56,207.5,1.88,1
7.16,0.7,1.97,27.69,18.31,79.12,0.01,101.09,2.1,233.81,233.81,2.18,1
6.92,0.66,2.05,27.56,17.58,76.69,0.02,101.06,2.19,188.38,188.5,2.27,1
6.45,0.62,2.45,27.51,16.97,74.25,0.01,101.06,2.62,170.44,170.56,2.73,1
6.32,0.61,2,27.58,16.42,71.5,0,101.02,2.12,146.06,145.94,2.2,1
6.45,0.62,2.2,27.78,16.78,72.38,0,101.06,2.38,138.88,138.88,2.48,1
6.48,0.62,2.28,27.53,17.4,76.06,0.01,101.02,2.45,53.12,53.12,2.55,0
6.44,0.62,2.66,27.42,17.94,78.88,0.01,100.91,2.87,73.25,73.25,3,0
7.1,0.68,2.21,27.61,16.97,73.62,0,100.86,2.36,112.38,112.62,2.45,1
6.98,0.66,2,27.83,17.52,75.12,0.01,100.93,2.14,108.06,108.25,2.23,1
7.1,0.68,2.73,28.13,17.88,75.31,0.03,101.01,2.95,82.06,82.31,3.08,0
6.85,0.66,4.44,28.62,18.31,74.94,0.06,101.08,4.97,73.62,73.88,5.32,0
6.71,0.64,3.38,28.55,19.23,79,0.58,101.07,3.7,91.56,91.81,3.91,0
7.25,0.69,3.71,28.36,19.47,80.88,0.47,100.98,4.09,75.44,75.62,4.32,0
7.04,0.67,3.71,28.64,19.96,81.5,0.95,100.97,4.09,73.06,73.19,4.33,0
7.21,0.69,3.23,28.8,19.84,80.12,0.89,100.88,3.52,85.19,85.31,3.72,0
5.78,0.55,3.66,29.11,19.47,77.5,0.64,100.98,4.04,74.5,74.5,4.27,0
6.75,0.64,2.59,29.23,19.35,76.31,0.08,100.93,2.8,62,62,2.94,0
7.08,0.67,2.16,29.09,19.23,76.44,0.03,100.94,2.32,46.69,46.69,2.41,0
7.27,0.69,1.59,29.31,18.49,72.69,0.45,101,1.68,37.81,37.44,1.74,0
7.45,0.7,0.84,29.03,17.88,71.69,0.03,101.09,0.88,108.62,108.44,0.91,1
7.26,0.69,1.61,29.09,17.21,68.62,0.03,101.04,1.7,147.06,162,1.77,1
7.13,0.67,4.03,29.45,19.53,76.19,0.3,100.87,4.47,212.5,212.69,4.76,1
7,0.66,3.27,29.03,19.65,78.56,1.44,100.89,3.57,208.88,209.06,3.77,1
7.17,0.68,2.68,28.83,18.98,76.75,0.75,100.91,2.9,176.56,176.56,3.03,1
7.17,0.68,3.16,28.76,20.08,81.38,0.6,100.95,3.46,207.25,207.31,3.65,1
6.9,0.65,1.73,28.65,18.19,74.25,0.08,100.92,1.84,194.75,195.19,1.91,1
7.03,0.66,1.69,28.78,17.94,72.88,0,100.93,1.78,203.31,203.31,1.84,1
6.33,0.59,2.5,29.09,18.49,73.56,0.09,100.89,2.69,223.06,223.19,2.8,1
7,0.66,3.02,29.05,19.35,77.12,0.79,100.88,3.27,194.19,194.38,3.43,1
7.04,0.66,2.84,29.17,19.35,76.75,0.73,101.02,3.09,131.19,131.06,3.25,1
6.6,0.62,1.98,29.22,18.74,74.19,0.2,101.04,2.12,74.25,74.44,2.2,0
6.33,0.59,1.02,29,17.88,71.5,0.26,100.9,1.07,133.12,133.12,1.1,1
6.56,0.62,2.3,29.25,18.98,74.75,0.07,100.85,2.47,199.88,200.06,2.57,1
6.23,0.59,3.06,29.31,19.59,76.88,0.04,100.91,3.34,192.69,192.75,3.52,1
6.49,0.61,3.45,29.49,19.78,76.88,0.28,100.94,3.79,175,175.25,3.99,1
6.62,0.62,3.53,29.42,19.84,77.56,0.26,100.99,3.88,164.5,164.75,4.09,1
6.55,0.62,2.78,29.37,19.78,77.31,1.03,100.97,3.02,177.12,177.44,3.17,1
6.16,0.58,4.1,29.38,20.39,79.94,1.69,101.06,4.58,185.31,185.5,4.88,1
6.98,0.66,4.93,29.69,20.81,80.06,0.69,101.06,5.56,229.06,229.38,5.99,1
7.18,0.68,4.36,29.58,21,81.19,0.74,100.94,4.86,229.44,229.56,5.2,1
7.21,0.68,4.14,29.63,20.94,80.62,0.76,100.84,4.59,231.69,232,4.88,1
6.85,0.65,4.16,29.76,21.24,81.25,1.25,100.9,4.63,225.19,225.38,4.94,1
6.88,0.65,3.18,29.62,20.51,79.12,0.71,101.01,3.48,261.56,261.75,3.7,1
6.74,0.63,1.65,29.3,19.23,75.56,0.33,100.97,1.76,238.12,238.12,1.82,1
7.03,0.66,2.31,29.21,20.26,80.12,0.16,100.88,2.48,221.06,221.19,2.56,1
6.89,0.65,2.29,29.09,20.08,79.94,0.19,100.89,2.44,176.5,176.56,2.53,1
6.09,0.57,2.07,29.3,19.04,75,0.26,100.91,2.2,99.06,99,2.27,0
6.82,0.64,1.62,29.34,18.43,72.25,0.3,100.79,1.72,158.31,158.19,1.77,1
6.77,0.64,1.7,29.2,19.65,77.62,0.77,100.72,1.8,177.81,177.56,1.88,1
6.69,0.63,2.4,29.46,20.26,78.69,1.59,100.69,2.6,205.12,205.31,2.76,1
6.43,0.61,3.62,29.54,20.81,80.44,0.69,100.68,3.99,216.69,216.94,4.22,1
6.55,0.62,4.13,29.44,21,81.56,0.32,100.66,4.56,206.56,206.81,4.84,1
6.84,0.65,2.97,29.4,20.39,79.38,0.77,100.69,3.21,190.62,190.62,3.35,1
6.83,0.65,3.02,29.37,19.41,75.81,4.33,100.71,3.27,166.94,166.31,3.41,1
4.55,0.43,2.59,29.15,19.47,77.12,5.98,100.7,2.79,173.75,173.19,2.91,1
3.73,0.35,3.37,28.98,20.51,81.88,5.55,100.71,3.68,128.12,128.31,3.89,1
5.99,0.57,4.32,29.33,21.61,84.25,7.6,100.54,4.81,164.56,164.38,5.13,1
6.1,0.58,4.53,29.29,20.94,81.94,7.25,100.52,5.09,181.31,181.56,5.48,1
1.08,0.1,7.77,29.48,22.52,87.06,15.45,100.3,9.13,144.62,145.12,10.19,1
5.46,0.52,10.45,29.54,21.85,84.06,61.07,100.23,12.57,236.5,237,14.4,1
0.88,0.09,9.18,30.01,21.3,79.81,47.96,100.36,10.9,235.38,235.62,12.35,1
3.6,0.34,7.86,30.08,22.46,83.75,4.66,100.38,9.29,214.94,215.31,10.57,1
5.62,0.53,6.05,29.98,22.4,84.19,2.32,100.42,7.04,201.44,201.62,7.85,1
2.72,0.26,3.79,29.68,22.09,84.62,4.07,100.54,4.26,213.81,213.94,4.6,1
2.47,0.23,4.64,29.51,21.79,84.31,11.17,100.67,5.23,210.44,210.56,5.66,1
5.3,0.5,4.12,28.92,20.45,82,6.22,100.74,4.58,202.38,202.81,4.88,1
3.81,0.36,5.8,29.13,20.94,82.69,15.24,100.57,6.62,222.69,222.88,7.22,1
1.45,0.14,6.54,28.93,20.69,82.56,15.7,100.38,7.6,224.69,225.44,8.47,1
1.02,0.09,7.54,29.07,20.94,83.19,41.47,100.56,8.84,236.06,236.38,9.87,1
6.09,0.58,6.27,29.55,21.61,83.44,18.02,100.74,7.28,221.81,222,8.1,1
2.35,0.23,8.3,29.51,21.91,84.69,30.66,100.59,9.84,228.06,228.31,11.26,1
3.67,0.35,8.81,29.45,21.85,84.69,12.88,100.45,10.5,228.81,229.19,12.08,1
3.4,0.32,9.32,29.26,22.22,87,10.55,100.29,11.19,224.88,225.19,13.11,1
3.79,0.36,9.98,29.17,22.03,86.62,8,100.3,12.05,231.44,231.94,14.3,1
4.61,0.44,10.28,28.9,22.28,89,10.36,100.36,12.43,222.94,223.44,14.8,1
2.59,0.25,10.19,29.05,21.91,87.06,21.85,100.46,12.29,225.69,226.31,14.43,1
3.4,0.32,9.27,28.91,21.85,87.38,30.98,100.53,11.11,230.5,230.88,12.88,1
4.66,0.45,9.14,29.14,21.91,86.62,7.81,100.53,10.95,228.38,228.75,12.75,1
5.6,0.53,8.89,29.33,21.73,84.81,2.6,100.58,10.63,230.44,230.75,12.38,1
2.86,0.27,8.33,29.18,21.85,86.12,2.73,100.65,9.9,238.12,238.5,11.35,1
5.8,0.55,8.6,29.29,21.48,84.19,1.99,100.57,10.23,241.12,241.44,11.73,1
5.95,0.56,8.73,29.27,21.36,83.75,3.58,100.5,10.41,248.06,248.44,12.02,1
4.59,0.44,7.98,29.01,21.55,85.56,5.53,100.52,9.45,253.44,253.94,10.8,1
3.09,0.3,8.38,28.61,20.69,84.25,23.72,100.64,9.91,236.5,236.88,11.27,1
4.28,0.41,7.56,28.83,21.18,85.19,7.52,100.65,8.91,229.56,229.88,10.09,1
5.86,0.55,7.77,29.26,21,82.5,3.34,100.63,9.18,219.06,219.44,10.47,1
5.61,0.53,7.85,29.34,20.69,80.94,1.58,100.61,9.27,223.56,223.88,10.56,1
6.25,0.59,7.98,29.43,20.63,80.12,1.74,100.63,9.44,221.88,222.19,10.77,1
4.2,0.4,8.11,29.27,21.24,83.19,12.21,100.51,9.61,238.06,238.38,10.98,1
4.03,0.38,7.84,28.76,20.87,84.19,18.69,100.46,9.22,224.19,224.62,10.4,1
2.18,0.21,7,28.62,20.32,82.62,7.92,100.48,8.16,222.06,222.5,9.12,1
4.05,0.38,5.97,28.76,19.84,80.19,12.15,100.63,6.87,217.5,217.88,7.58,1
4.46,0.42,4.65,28.37,19.71,81.5,6.85,100.64,5.22,214.69,215.06,5.59,1
1.12,0.11,4.83,27.82,19.35,82.81,10.04,100.74,5.41,232.12,232.38,5.84,1
6.08,0.58,4.91,28.61,19.53,79.81,3.03,100.74,5.56,222,222.38,6.03,1
6.91,0.66,6.12,28.52,20.39,83.44,1.08,100.7,7.04,213.56,213.69,7.73,1
6.44,0.62,6.76,28.94,20.81,83.19,3.55,100.67,7.89,226.69,226.94,8.84,1
6.09,0.58,8.21,28.98,20.51,81.88,6.81,100.65,9.72,241.5,241.88,11.04,1
5.07,0.48,7.93,29.05,21,83.5,8.81,100.6,9.38,244.31,244.69,10.67,1
2.92,0.28,9.11,28.75,20.57,83.19,22.87,100.48,10.85,234.31,234.62,12.46,1
2.33,0.22,8.66,28.8,20.57,82.75,8.34,100.4,10.29,229.44,229.81,11.77,1
4.36,0.41,8.39,28.95,21.06,83.94,5,100.34,9.96,225.69,226.12,11.45,1
4.57,0.44,8.48,28.86,21.42,85.88,10.95,100.32,10.1,223.56,224,11.67,1
1.98,0.19,9.18,28.65,20.75,84.31,11.21,100.48,10.97,235.81,236.12,12.7,1
1.43,0.13,9.23,28.44,20.45,84,36.69,100.48,11.02,235,235.38,12.73,1
4.36,0.41,9.69,28.47,20.57,84.31,10.91,100.35,11.63,240,240.38,13.59,1
3.41,0.33,9.17,28.29,20.94,86.62,16.08,100.27,10.98,238.31,238.75,12.78,1
1.58,0.15,9.97,27.98,20.45,86.12,14.3,100.24,11.98,239.5,240,13.95,1
1.45,0.14,10.06,28.14,20.81,86.94,24.48,100.28,12.11,223.31,223.81,14.16,1
6.33,0.6,9.16,28.43,21.06,86.38,3.93,100.34,10.98,221.88,222.31,12.8,1
6.49,0.62,8.05,28.62,21.61,87.69,1.64,100.31,9.61,232.88,233.31,11.29,1
4.7,0.45,7.93,28.58,21.36,86.88,7.53,100.3,9.45,237.38,237.88,11.05,1
3.38,0.32,9.52,28.37,21,86.38,14.66,100.23,11.45,244.62,245.06,13.45,1
5.18,0.49,9.92,28.08,21,88,12.45,100.33,11.95,240.94,241.31,14.03,1
5.88,0.56,8.86,28.37,21.3,87.81,1.71,100.45,10.62,233.44,233.94,12.5,1
5.61,0.53,8.53,28.39,21.36,88.06,2.21,100.52,10.2,223.62,224,11.91,1
6.2,0.59,7.45,28.4,21.3,87.69,1.95,100.52,8.81,210.88,211.19,10.12,1
6.44,0.61,7.14,28.48,21.12,86.69,1.77,100.63,8.43,217.94,218.25,9.63,1
6.49,0.62,6.93,28.44,21.42,88.12,2.01,100.62,8.17,218.5,218.88,9.34,1
6.68,0.63,6.95,28.55,21.67,88.62,2.92,100.64,8.2,226.81,227.12,9.38,1
5.44,0.52,7.13,28.59,21.55,87.81,3.39,100.6,8.41,229.94,230.25,9.62,1
4.9,0.47,7.04,28.55,20.94,85.56,2.63,100.56,8.27,236.75,237,9.34,1
5.61,0.53,7.74,28.73,21.18,85.56,3.58,100.49,9.17,227,227.19,10.51,1
3.12,0.3,8.13,28.21,20.81,86.69,10.75,100.53,9.66,225.62,225.94,11.09,1
3.05,0.29,9.06,27.97,20.69,87.56,17.83,100.6,10.84,229.56,229.81,12.61,1
5.76,0.55,9.35,28.37,20.39,84.25,7.52,100.68,11.2,223.19,223.5,12.97,1
5.22,0.5,8.3,28.44,20.81,85.75,3.61,100.73,9.88,224.44,224.88,11.41,1
5.03,0.48,8.6,28.56,20.81,85.12,4.08,100.66,10.24,242.56,242.88,11.84,1
4.96,0.48,7.71,28.23,20.81,86.62,11.04,100.63,9.09,244.75,245.19,10.28,1
4.5,0.43,8.65,28.62,20.14,82.06,11.09,100.58,10.3,248,248.38,11.85,1
2.28,0.22,9.67,27.99,20.26,85.31,8,100.39,11.58,244.94,245.44,13.36,1
3.05,0.29,9.46,28.17,20.26,84.5,3.81,100.33,11.32,239.62,240.12,13.09,1
5.67,0.54,8.26,28.41,20.39,84,2.13,100.45,9.82,235.31,235.56,11.31,1
5.59,0.53,7.25,28.41,20.69,85.25,3.92,100.58,8.55,238.19,238.44,9.77,1
4.84,0.46,8.25,28.2,20.39,85,19.88,100.59,9.78,236.94,237.38,11.17,1
1.78,0.17,11.05,27.35,19.71,86.31,32.57,100.31,13.36,238.19,238.81,15.5,1
1.1,0.1,10.73,27.9,20.02,84.81,13.71,100.2,12.98,246.44,246.94,15.25,1
0.77,0.07,10.3,27.65,19.84,85.25,16.07,100.35,12.42,244.56,245,14.56,1
2.09,0.2,9.55,27.46,20.08,87.12,11.61,100.26,11.47,241.56,241.94,13.41,1
3.61,0.34,10.2,27.52,20.26,87.75,15.02,100.27,12.3,222.75,223.25,14.46,1
5.15,0.49,7.88,27.76,20.81,89.06,15.31,100.42,9.35,223.31,223.81,10.82,1
5.11,0.48,7.44,28.08,21,87.88,6.08,100.3,8.8,234.5,235,10.12,1
1.62,0.16,8.56,28.06,20.75,86.88,11.14,100.15,10.2,247.31,247.75,11.84,1
1.94,0.19,8.88,27.76,20.63,87.88,6.74,100.12,10.62,241.69,242.19,12.35,1
3.92,0.38,8.15,27.84,20.81,88.5,5.24,100.38,9.7,228.56,229,11.29,1
5.98,0.57,6.66,27.94,21.06,89,2.57,100.55,7.85,225.5,225.94,9,1
6.34,0.61,6.6,28.23,20.75,86.44,3.97,100.56,7.76,234.75,235.12,8.82,1
4.98,0.48,7.22,28.23,20.45,85.12,10.98,100.6,8.51,237.5,237.81,9.66,1
4.35,0.41,7.79,27.86,20.32,86.5,10.09,100.55,9.2,221.06,221.44,10.42,1
4.48,0.43,8.38,27.55,20.45,88.56,9.76,100.44,9.97,237.75,238.31,11.4,1
4.11,0.4,7.77,27.87,20.57,87.44,6.02,100.43,9.21,243.88,244.19,10.55,1
4.24,0.41,8.02,27.72,20.14,86.38,4.68,100.54,9.49,218,218.31,10.8,1
4.21,0.41,7.52,27.87,20.08,85.56,4.29,100.65,8.87,215.94,216.19,10.03,1
6.18,0.59,6.82,28.14,20.69,86.75,1.09,100.72,8,216.81,217.06,9.05,1
5.73,0.55,7.01,28.09,20.63,86.75,4.97,100.64,8.23,223.06,223.31,9.32,1
4.48,0.43,7.84,28.08,19.78,83.31,10.92,100.69,9.26,224.56,224.75,10.55,1
4.92,0.48,7.62,28.17,20.14,84.38,1.21,100.76,9.02,227.88,228.25,10.3,1
5.77,0.55,6.88,28.14,20.26,85,0.56,100.76,8.07,235.38,235.62,9.16,1
5.1,0.49,6.25,28.12,20.14,84.69,1.9,100.77,7.3,234.25,234.56,8.2,1
5.26,0.51,6.72,28.21,20.51,85.69,4.16,100.8,7.88,234.44,234.69,8.89,1
4.97,0.48,7.11,27.96,20.02,84.81,5.64,100.78,8.34,237.69,237.88,9.4,1
6.46,0.62,7.85,28.26,19.71,82.06,0.4,100.64,9.29,223.38,223.62,10.6,1
6.3,0.61,6.67,28.24,19.71,82.25,0.73,100.72,7.8,223.06,223.38,8.77,1
6.1,0.59,4.58,28.26,19.96,83.12,0.26,100.71,5.22,244.44,244.62,5.71,1
6.6,0.64,2.77,28.05,19.41,82.06,0.09,100.84,3.03,220,220.19,3.2,1
6.38,0.62,3.19,28.21,19.35,81.19,0.12,101.05,3.5,205.25,205.44,3.7,1
6.85,0.67,3.27,28.08,19.29,81.5,0.14,101.1,3.58,226.06,226.06,3.78,1
6.81,0.66,4.53,28.29,19.29,80.5,0.03,100.96,5.09,228.62,228.69,5.46,1
6.82,0.66,4.82,28.56,19.35,79.25,0.25,100.86,5.45,229.88,230,5.88,1
5.65,0.55,4.95,28.33,19.9,82.75,4.33,100.87,5.58,244.44,244.56,6.02,1
2.31,0.23,5.41,27.81,19.1,82,11.25,100.84,6.14,264.75,264.94,6.66,1
1.04,0.1,7.13,28.2,19.29,80.44,2.3,100.58,8.31,264.25,264.31,9.24,1
2.64,0.26,6.95,27.45,19.65,85.5,6.79,100.46,8.05,263.88,263.75,8.86,1
4.45,0.44,5.12,27.3,19.71,86.56,41.89,100.31,5.87,277.69,277.56,6.44,1
3.05,0.3,8.08,27.58,20.14,87,28.52,100.24,9.5,267.38,267.88,10.6,1
3.35,0.34,9.67,27.9,19.65,83.19,7.91,100.29,11.55,235.19,235.62,13.2,1
4.47,0.45,7.88,28.3,19.9,82.88,2.7,100.82,9.3,192.5,192.88,10.6,1
6.17,0.62,4.3,28.28,20.14,84,3.06,101.09,4.87,185.94,186.12,5.31,1
6.43,0.64,1.8,27.83,19.1,82,0.97,101.18,1.93,157.12,172.06,2.01,1
6.73,0.67,0.95,27.95,18.25,77.75,0.39,101.07,0.99,187.19,187.25,1.02,1
6.53,0.66,0.88,27.87,17.7,75.62,0.2,100.96,0.92,208.44,207.44,0.97,1
6.53,0.66,1.25,27.69,17.94,77.5,0.38,100.88,1.31,86.62,85.5,1.34,0
6.7,0.67,1.7,27.87,18.55,79.25,0.24,100.9,1.8,149.38,149.12,1.85,1
6.9,0.7,1.17,28.1,18.55,78.25,0.09,100.9,1.23,109.88,109.75,1.27,1
7.04,0.71,1.77,28.36,18.74,77.81,0.04,100.88,1.88,85.06,84.69,1.94,0
6.9,0.7,2.32,28.71,19.35,78.56,0.04,100.87,2.49,82.19,81.88,2.61,0
6.57,0.66,2.67,29.25,19.23,75.88,0.09,100.91,2.89,106.94,106.88,3.03,1
6.54,0.66,2.89,29.01,19.96,79.94,0.01,100.98,3.14,90.94,90.69,3.31,0
6.67,0.68,3.23,29.04,19.84,79.31,0.69,100.96,3.54,99.44,99.44,3.73,0
6.8,0.7,2.97,28.97,19.59,78.44,0.76,100.98,3.23,92.5,92.62,3.39,0
6.33,0.65,2.74,28.77,19.59,79.38,1.19,100.98,2.97,79.75,79.44,3.12,0
6.23,0.64,2.66,28.28,19.35,80.69,2.37,100.94,2.86,93.25,92.81,2.99,0
5.76,0.59,3.01,28.52,19.53,80.31,5.01,100.81,3.32,135.19,135.62,3.56,1
1.61,0.16,5.05,28.48,20.94,85.75,58.56,100.41,5.81,211.38,212.19,6.39,1
0.84,0.09,11.62,28.64,21.67,87.75,55.15,100.1,14.15,204.25,205.5,16.41,1
4.66,0.48,9.33,29.1,20.14,79.62,6.25,100.49,11.16,205.62,206.19,12.86,1
5.22,0.55,7.46,28.99,19.53,78.06,0.13,100.81,8.76,197.81,198.06,9.85,1
5.8,0.61,6.59,28.74,19.53,79.44,0.44,101.01,7.64,190.81,191,8.45,1
5.96,0.62,5.12,28.94,19.59,78.88,2.68,101.19,5.84,216.81,216.81,6.41,1
6.06,0.64,2.97,28.29,19.47,81.5,4.07,101.2,3.26,237.5,237.75,3.45,1
5.86,0.62,2.16,28.33,18.92,78.94,4.48,101.23,2.33,205,204.94,2.43,1
6.17,0.65,2.22,28.15,19.04,80.38,3.04,101.19,2.38,58.19,58.25,2.47,0
5.66,0.6,1.38,27.5,18.13,79.44,3.68,101.17,1.45,150.56,150.31,1.5,1
3.98,0.42,2.2,27.38,18.01,79.38,1.55,101.13,2.35,254.44,254.62,2.45,1
3.89,0.41,3.91,27.78,18.8,80.94,12.26,101.1,4.3,67.69,67.75,4.59,0
5.12,0.55,4.68,28.44,18.62,77.19,6.98,101.18,5.27,58,58.19,5.65,0
5.2,0.55,3.75,28.19,18.8,79.12,1.99,101.16,4.14,48.31,48.5,4.38,0
5.71,0.62,3.4,28.3,18.19,76.06,0.42,101.12,3.73,40.19,40.38,3.95,0
5.61,0.6,3.02,28.48,17.76,73.56,0.07,101.12,3.3,40.06,40,3.5,0
5.92,0.64,3.66,28.73,17.76,72.31,0.04,101.13,4.06,46.25,46.44,4.33,0
5.3,0.58,5.32,28.71,17.76,72.5,0,101.23,6.05,45.62,45.88,6.58,0
4.75,0.52,6.55,28.7,19.29,78.62,7.56,101.18,7.59,53.31,53.44,8.4,0
1.66,0.18,6.17,28.26,20.08,84.06,27.23,101.12,7.11,91.81,92,7.84,0
0.62,0.07,6.86,28.39,19.78,82,25.71,101.08,7.95,114.5,114.88,8.8,1
2.65,0.29,5.62,28.2,20.32,85.12,26.76,100.98,6.44,122,122.31,7.04,1
3.38,0.38,4.2,27.9,20.02,85.31,9.1,101.01,4.68,104.5,104.75,5.02,1
5.8,0.64,4.24,28.01,19.71,83.5,5.77,101.06,4.73,86.88,87.19,5.09,0
5.71,0.63,4.54,28.54,19.59,80.44,3.45,101.04,5.12,77.88,78.19,5.55,0
5.93,0.66,5.48,28.8,18.31,74.19,0.3,101.06,6.25,85.38,85.5,6.83,0
5.64,0.63,4.94,28.44,18.74,77.69,4.82,101.16,5.59,86.06,86.12,6.05,0
6.03,0.68,5.06,28.44,17.88,74.25,0.25,101.21,5.73,77,77.06,6.21,0
5.15,0.58,5.41,28.13,18.43,77.88,0,101.17,6.14,58.88,59.06,6.66,0
5.62,0.63,5.41,27.98,18.43,78.56,0.15,101.18,6.14,48.75,49.06,6.64,0
5.44,0.62,5.41,28.29,18.55,77.56,0.07,101.17,6.16,54.12,54.44,6.69,0
5.09,0.58,5.2,28.33,18.07,75.19,0.01,101.09,5.91,49.38,49.62,6.42,0
4.91,0.56,5.94,28.31,17.09,71.25,0,101,6.8,39.69,39.88,7.45,0
4.77,0.55,7.99,28.26,17.94,75,0.72,100.93,9.4,26.94,27.25,10.59,0
1.82,0.21,8.39,27.85,20.63,87.88,43.53,100.57,9.98,159.31,130.19,11.33,1
1.61,0.19,7.36,27.96,20.51,86.88,98.31,100.62,8.64,84.38,84.88,9.69,0
1.35,0.16,7.36,28.18,20.94,87.5,72.11,100.49,8.67,140.81,141.38,9.77,1
1.84,0.21,7.09,28.53,20.02,82,3.7,100.71,8.3,125.31,125.69,9.34,1
4.86,0.56,5.62,28.26,19.9,83.19,1.43,100.99,6.48,108.88,109.19,7.14,1
5.37,0.62,4.08,27.97,19.47,82.81,3.03,101.13,4.57,84,83.94,4.92,0
5.51,0.64,2.94,27.84,18.86,80.94,2.41,101.15,3.22,66.19,66.31,3.41,0
5.18,0.61,3.86,28.19,19.29,81.06,0.33,101.17,4.32,74.06,74.06,4.65,0
4.57,0.54,5.23,28.08,19.41,82.19,6.53,101.26,5.98,79.38,79.31,6.55,0
3.27,0.38,2.97,26.74,18.19,83.44,42.31,101.35,3.23,111.62,111.62,3.41,1
5,0.59,4.97,27.57,18.49,80.94,4.49,101.31,5.64,65.94,66.06,6.14,0
4.96,0.59,5.37,28.01,17.82,75.81,0,101.34,6.12,52.44,52.56,6.66,0
5.33,0.63,5.36,27.63,17.4,75.81,0,101.42,6.08,43.31,43.56,6.57,0
5.07,0.6,4.42,27.39,17.15,75.75,0,101.45,4.94,33.31,33.56,5.27,0
5.04,0.6,4.8,27.26,15.99,71.38,0,101.37,5.38,26.88,27.12,5.74,0
5.21,0.62,4.23,27.07,15.44,69.62,0,101.28,4.68,41.5,41.88,4.93,0
5.41,0.65,4.58,27.61,16.54,72.06,0.11,101.34,5.13,58.19,58.81,5.47,0
4.69,0.56,5.77,27.68,17.94,77.88,1.2,101.36,6.6,64,64.31,7.18,0
5.95,0.72,5.14,27.62,15.44,67.56,0.01,101.46,5.8,61.25,61.44,6.25,0
5.97,0.73,4.68,27.33,14.65,65.12,0,101.45,5.23,43.06,43.75,5.57,0
3.5,0.42,5.44,27.12,17.46,78.38,0.88,101.23,6.16,42.44,43,6.63,0
4.16,0.51,4.68,27.64,18.92,81.94,12.79,101.04,5.3,71.62,72.38,5.73,0
4.66,0.57,5.07,28.11,18.98,80.12,14.31,101.13,5.8,74.88,75,6.34,0
5.1,0.62,6.17,27.82,18.25,78.44,0.96,101.23,7.12,51.69,52,7.81,0
4.7,0.58,5.73,27.66,18.31,79.25,0.08,101.12,6.57,42.44,42.81,7.17,0
3.79,0.46,4.92,27.79,17.52,75.44,0,101.08,5.56,46.69,46.94,6,0
5.36,0.66,5.5,27.86,17.21,73.81,0,101.13,6.27,48.62,48.81,6.81,0
4.92,0.6,6.69,27.57,16.91,73.75,0,101.21,7.73,46.94,47.19,8.49,0
4.35,0.53,6.68,27,17.21,77.62,0.17,101.14,7.7,39.94,40.44,8.41,0
4,0.49,6.67,27.19,18.31,81.5,1.46,101.08,7.71,26.81,27.12,8.45,0
3.72,0.46,6.3,27.41,19.04,83.56,3.34,101.05,7.28,31.88,32.31,7.98,0
4.67,0.58,5.34,27.92,19.59,83.62,4.08,101.09,6.13,60.12,60.38,6.73,0
3.63,0.45,5.2,27.11,19.04,85.38,3.79,101.23,5.89,62.06,62.5,6.37,0
0.64,0.08,8.27,26.64,19.04,87.62,30.96,101.2,9.73,55.38,55.94,10.86,0
1.39,0.17,10.27,27.62,20.08,87.06,78.12,101.04,12.34,84.19,84.81,14.21,0
4.12,0.51,9.71,28.19,19.78,83,5.24,101.05,11.66,123.81,124.19,13.58,1
5.46,0.68,5.53,28.05,19.35,82.06,0.66,101.22,6.41,156.5,156.31,7.15,1
3.58,0.45,2.2,26.74,18.19,83.38,1.39,101.28,2.38,185.62,185.31,2.47,1
3.51,0.44,3.47,26.69,18.19,83.44,6.78,101.28,3.82,49.56,49.94,4.02,0
2.49,0.31,4.73,27.02,19.35,87.12,19.33,101.27,5.34,72,72.06,5.75,0
1.24,0.16,1.41,26.21,18.01,85.19,6.31,101.27,1.49,104.44,105.19,1.53,1
4.33,0.54,3.56,26.86,18.62,84.69,2.19,101.23,3.96,50.81,50.75,4.2,0
2.83,0.35,6.19,27.19,18.37,81.94,1.26,101.25,7.12,41.06,41.44,7.79,0
5.39,0.66,5.1,27.04,17.09,77.12,0.15,101.24,5.77,38.38,38.81,6.2,0
4.96,0.62,3.95,26.61,15.93,73.75,0.08,101.28,4.38,29.5,29.75,4.59,0
4.88,0.6,4.2,26.37,15.5,72.88,0,101.27,4.65,14.62,14.69,4.91,0
4.89,0.6,5.23,26.2,14.47,68.5,0,101.23,5.88,16.88,16.88,6.3,0
4.82,0.59,5.63,26.23,14.65,69.31,0.01,101.24,6.38,37.75,37.56,6.88,0
4.43,0.55,5.7,25.74,15.2,74.12,0.27,101.46,6.45,42.88,42.81,6.94,0
5.4,0.66,6.17,25.3,13.79,69.19,0.09,101.59,6.99,26.62,26.62,7.51,0
4.91,0.6,4.95,25.33,13.18,66.25,0.01,101.65,5.52,28.12,28.06,5.87,0
5.26,0.65,5.35,25.37,14.04,70.12,0,101.65,6.01,31.56,31.56,6.43,0
5.41,0.66,5.59,25.56,14.83,73.19,0,101.62,6.31,33.88,34.38,6.76,0
5.45,0.67,5.73,25.86,15.08,73.25,0,101.69,6.5,32.19,32.62,6.99,0
5.96,0.73,6.45,26.04,14.22,68.38,0,101.62,7.38,41.06,41.19,8.03,0
5.61,0.69,6.15,25.81,14.1,68.5,0,101.45,7,37,37.38,7.6,0
5.29,0.65,6.04,26.4,15.99,74.88,0,101.3,6.93,38.75,39.25,7.57,0
4.27,0.52,6.92,26.62,17.76,81.81,0.01,101.12,8.06,17.44,17.88,8.95,0
5.65,0.69,5.76,26.53,16.54,76.88,0,101.24,6.59,10.88,11.19,7.17,0
6,0.73,5.45,26.07,14.34,68.62,0,101.35,6.16,45.19,45.44,6.62,0
5.93,0.72,5.52,25.74,14.22,69.25,0,101.36,6.24,42.75,43,6.68,0
5.38,0.65,5.55,25.67,15.26,74.81,0.06,101.4,6.28,46.94,47.25,6.73,0
5.33,0.64,5.91,25.85,15.62,75.75,0.51,101.39,6.73,41,41.31,7.27,0
3.67,0.44,5.49,25.72,15.44,75.38,1.06,101.4,6.23,32.62,33,6.68,0
4.93,0.59,5.37,25.94,15.62,75.25,0.04,101.31,6.07,30.31,30.62,6.52,0
5.58,0.66,6.11,26.08,14.77,70.69,0,101.35,7,34.19,34.31,7.61,0
5.13,0.61,6.8,25.71,14.47,70.56,0,101.4,7.84,37,37.12,8.55,0
4.83,0.58,5.55,24.96,13.85,70.75,0,101.33,6.26,39.69,40,6.7,0
5.4,0.64,4.96,25.04,14.71,74.69,0,101.32,5.55,31.19,31.88,5.89,0
5.64,0.66,5.99,25.63,15.62,76.75,0.01,101.36,6.84,36.75,37.12,7.42,0
5.47,0.64,6.02,25.83,14.47,70.25,0,101.45,6.88,35.31,35.88,7.44,0
4.99,0.59,5.74,25.73,14.1,68.81,0,101.42,6.53,43.75,44.12,7.04,0
5.56,0.65,5.06,26.12,15.01,71.69,0,101.41,5.73,45.12,45.56,6.16,0
5.29,0.62,5.27,26.4,15.44,72.38,0,101.34,5.99,46.31,46.62,6.5,0
5.83,0.68,4.84,26.76,15.2,69.75,0,101.41,5.48,47.44,47.75,5.92,0
6,0.7,5.05,26.75,14.83,68.25,0,101.43,5.73,62.69,62.94,6.21,0
6.4,0.74,4.6,26.15,14.65,69.88,0,101.44,5.14,62.5,62.56,5.49,0
6.03,0.7,4.43,25.96,14.71,70.81,0,101.47,4.93,72.19,72.31,5.27,0
5.21,0.6,4.91,25.75,16.54,80.75,0.08,101.46,5.52,56.25,56.62,5.92,0
5.53,0.63,5.22,25.27,16.42,82.44,0.04,101.46,5.88,47,47.25,6.31,0
5.27,0.6,6.71,25.54,15.81,78,0.03,101.5,7.73,37.19,37.44,8.45,0
5.56,0.63,6.03,25.24,14.95,75.25,0.02,101.5,6.85,43.31,43.75,7.38,0
5.79,0.66,4.2,25.49,15.44,76.44,0.37,101.45,4.65,41.75,42.5,4.92,0
5.18,0.59,4.34,25.86,16.78,81.31,0.4,101.36,4.84,41,41.5,5.12,0
5.47,0.62,4.95,26.33,17.09,80.38,0.1,101.44,5.6,51.06,51.56,6,0
5.72,0.64,6.38,26.49,16.85,78.56,0.04,101.56,7.36,44,44.31,8.07,0
6.06,0.68,6.72,26.66,15.14,69.88,0,101.5,7.76,35.31,35.56,8.52,0
6.35,0.71,5.73,26.61,14.28,66.06,0,101.31,6.52,38.44,38.62,7.05,0
6.42,0.71,4.92,26.66,14.83,68.38,0,101.33,5.54,60.25,60.5,5.95,0
5.7,0.63,3.34,26.51,15.32,71.38,0,101.37,3.67,50.56,50.94,3.85,0
6.13,0.68,2.95,26.55,15.44,71.75,0,101.37,3.2,32.06,32.31,3.34,0
5.63,0.62,4.98,26.55,16.11,75,0,101.48,5.63,34.94,35.25,6.07,0
5.63,0.62,6.99,26.61,16.6,76.94,0,101.52,8.11,41.06,41.38,8.91,0
6.09,0.66,6.63,26.33,15.87,74.94,0,101.62,7.62,39.62,40,8.3,0
6.15,0.67,5.95,26.74,16.36,75.44,0,101.63,6.8,53.12,53.56,7.39,0
6.23,0.67,4.84,26.62,15.87,73.5,0,101.44,5.43,47.12,47.5,5.8,0
5.66,0.61,3.7,26.83,15.38,70.44,0,101.42,4.07,47.69,48.06,4.3,0
6.4,0.69,2.79,26.76,14.95,68.75,0,101.44,3.02,54.56,55,3.14,0
6.49,0.7,0.85,26.72,14.47,66.62,0,101.31,0.9,196.31,197.25,0.92,1
6.53,0.7,1.67,26.83,15.32,69.94,0,101.19,1.78,129.44,129.62,1.85,1
6.05,0.65,2.96,26.92,16.6,75.44,0,101.36,3.24,87.38,87.62,3.41,0
6.26,0.66,4.84,26.82,16.91,77.5,0,101.57,5.42,68.88,69.19,5.8,0
6.76,0.72,5.34,26.74,15.99,73.69,0,101.61,6.02,48.38,48.69,6.48,0
6.78,0.72,5.04,26.6,16.11,74.56,0,101.41,5.65,40.75,40.94,6.05,0
6.85,0.72,3.86,26.75,16.36,75.12,0,101.22,4.26,73.69,73.75,4.52,0
6.68,0.7,2.79,26.88,15.87,72.19,0,101.12,3.02,80.56,80.56,3.16,0
6.86,0.72,2.8,26.65,16.78,77.25,0,101.15,3.02,73.88,74,3.16,0
6.6,0.69,3.2,26.43,16.97,79.19,0,101.07,3.48,75.75,75.81,3.66,0
6.18,0.64,2.19,26.47,17.27,80.38,0,101.03,2.34,93.38,93.81,2.45,0
6.35,0.66,2.05,26.53,17.7,82.12,0,101.07,2.19,85,85,2.27,0
6.32,0.65,4.22,26.55,17.82,82.38,0,101.16,4.69,73.44,73.62,4.99,0
6.33,0.65,5.31,26.74,17.46,79.94,0.26,101.18,5.98,51.75,51.88,6.43,0
6.45,0.66,4.55,26.71,16.24,74.62,0,101.11,5.07,45.56,45.56,5.38,0
7.03,0.72,2.02,26.39,13.85,64.75,0,101.04,2.14,47.12,46.75,2.2,0
6.86,0.7,3.69,26.98,15.99,72.19,0,101.03,4.06,208.75,209,4.3,1
6.63,0.67,4.3,27.32,18.43,81.38,0.22,101.06,4.8,205.19,205.38,5.16,1
6.54,0.66,3.82,28.33,17.76,74.12,0.36,101.1,4.3,191.5,191.69,4.67,1
6.94,0.7,1.71,28.03,16.3,69.25,0.1,101.22,1.84,173,173,1.91,1
6.69,0.67,1.76,28.12,15.5,65.62,0.25,101.3,1.9,27.62,26.75,2,0
6.89,0.7,3.19,27.55,15.5,68.06,0,101.35,3.49,43.25,43.38,3.66,0
6.82,0.69,3.21,27.03,15.62,70.62,0,101.39,3.51,66.19,66.31,3.7,0
6.32,0.63,2.92,27.19,15.5,69.31,0,101.37,3.17,40.25,40.62,3.34,0
6.82,0.68,2.45,27.37,15.2,67.31,0,101.37,2.65,30.94,31.25,2.77,0
6.76,0.67,2.82,27.51,16.36,71.81,0,101.36,3.08,43.38,43.62,3.24,0
6.81,0.68,3.26,27.07,16.85,75.88,0.02,101.36,3.58,73.69,73.75,3.79,0
6.67,0.66,2.57,27.12,16.78,75.5,0,101.37,2.77,65.62,65.81,2.89,0
7.03,0.7,3.07,27.08,16.6,74.81,0,101.35,3.34,43.06,43.31,3.5,0
6.95,0.69,4.52,27.65,17.7,77,0,101.3,5.07,38.06,38.19,5.47,0
7.18,0.71,3.13,27.59,16.6,72.5,0,101.15,3.42,44.5,44.56,3.61,0
7.14,0.7,2.38,27.37,15.69,69.38,0,101.19,2.56,50.38,50.69,2.67,0
7.06,0.7,3.03,27.6,16.6,72.38,0,101.27,3.3,38.88,39.06,3.48,0
7.39,0.73,2.12,27.55,16.17,70.81,0,101.28,2.27,121.06,121.31,2.35,1
6.94,0.68,2.1,27.83,15.99,68.69,0,101.2,2.25,195.69,195.94,2.35,1
7.16,0.7,1.92,27.51,16.48,72.25,0,101.16,2.05,31.81,32,2.14,0
7.29,0.71,3.15,27.72,17.33,75,0,101.13,3.44,48,48.06,3.65,0
7.32,0.71,2.61,27.54,16.3,71.44,0,101.26,2.81,52.06,52.12,2.94,0
7.21,0.7,2.27,26.54,16.17,75.06,0,101.37,2.44,33.5,33.75,2.54,0
7.11,0.69,2.71,27.29,15.87,70.56,0,101.28,2.94,28.81,29,3.09,0
6.72,0.65,1.84,27.35,16.6,73.44,0,101.1,1.96,50.56,50.44,2.05,0
7.06,0.68,0.91,27.8,15.08,65.06,0,101.1,0.95,132.19,131.5,0.98,1
7.18,0.7,2.54,27.89,16.36,70.12,0,101.13,2.73,221.12,221.25,2.85,1
7.38,0.71,2.65,27.73,17.27,74.81,0,101.19,2.88,201.62,201.69,3.02,1
7.04,0.68,1.4,27.91,15.44,66.25,0,101.15,1.48,160.31,160.06,1.52,1
7.23,0.7,2.19,28.45,15.5,64.25,0,101.16,2.34,122.94,122.75,2.46,1
7.1,0.68,1.1,28.08,17.15,72.69,0,101.29,1.16,120.31,120.19,1.21,1
7.27,0.7,0.68,28.4,16.3,67.81,0,101.24,0.71,190.88,190.31,0.73,1
7.31,0.7,0.89,28.17,15.69,66.06,0,101.14,0.94,227.88,198.56,0.96,1
7.14,0.68,1.87,28.1,16.24,68.81,0,101.14,1.98,167.44,167.19,2.06,1
7.34,0.7,1.18,27.73,17.15,74.12,0,101.05,1.24,157.5,157.44,1.29,1
7.37,0.7,0.85,28.13,15.81,66.94,0,101.09,0.89,106.31,106.25,0.92,1
7.26,0.69,1.32,28.69,15.62,64,0,101.1,1.4,121.19,121.19,1.45,1
6.97,0.66,1.27,28.78,16.17,65.81,0,100.99,1.34,314.81,315.38,1.36,1
6.89,0.66,1.06,29.19,15.75,62.56,0,100.95,1.12,228.5,228.69,1.14,1
7.01,0.66,1.08,29.37,15.87,62.38,0,100.98,1.13,234.38,234,1.16,1
6.99,0.66,1.5,29.17,16.91,67.19,0,101.01,1.59,304.88,304.94,1.63,1
7.35,0.7,1.88,29.16,17.4,69,0,101.04,2,256.56,256.62,2.06,1
7.19,0.68,1.53,29.29,17.76,70.06,0.05,101.04,1.65,236.06,236.19,1.72,1
6.99,0.66,1.32,29.51,17.09,66.56,0.06,101.05,1.39,248.19,248.06,1.43,1
7.07,0.67,1.52,29.35,17.64,69.25,0.09,101.02,1.59,174,173.81,1.64,1
6.97,0.66,2.15,29.45,17.88,69.62,0.01,100.95,2.31,276,275.62,2.41,1
7.14,0.67,2.62,29.32,18.13,71,0.02,100.78,2.83,278.5,278.38,2.96,1
6.98,0.66,2.1,29.46,17.15,66.88,0.01,100.7,2.25,224.19,224.19,2.35,1
6.98,0.66,3.08,29.61,18.62,71.75,0.2,100.69,3.35,68.88,68.88,3.53,0
7.14,0.67,2.59,29.66,18.25,70.25,0.27,100.85,2.8,38.5,38.62,2.93,0
7.1,0.67,3.7,29.83,19.1,72.81,0.45,100.9,4.08,52.75,52.88,4.33,0
6.82,0.64,1.98,29.92,18.49,70.31,0.12,100.92,2.12,79.44,79.81,2.2,0
7,0.66,0.77,29.86,17.94,68.38,0.17,100.84,0.8,116.12,117.38,0.83,1
6.57,0.62,2.16,29.73,19.41,74.44,0.1,100.89,2.34,177.06,177.25,2.45,1
6.43,0.61,2.54,29.99,19.23,72.62,0.86,100.84,2.78,138.12,138.12,2.95,1
4.72,0.45,6.06,29.95,21.36,80.69,5.49,100.77,6.97,92.12,92.31,7.65,0
3.17,0.3,10.62,29.46,21.06,81.56,36.52,100.41,12.8,140.12,140.88,14.8,1
1.4,0.13,9.56,29.66,20.69,79.25,8.16,100.49,11.45,182.19,182.94,13.27,1
2.73,0.26,9.09,29.15,21.67,85.44,5.06,100.54,10.89,198.62,199.19,12.71,1
6.08,0.57,7.76,28.82,22.89,92.06,5.15,100.68,9.23,209.06,209.38,10.76,1
6.09,0.57,5.62,28.87,22.71,91.31,6.14,100.93,6.55,208,208.56,7.42,1
6.59,0.62,5.28,28.9,21.67,87.06,2.82,100.99,6.09,224.5,224.75,6.75,1
6.57,0.62,5.34,28.9,21.79,87.56,0.36,100.9,6.14,226.75,226.88,6.74,1
6.5,0.61,5.48,28.85,21.67,87.19,0.06,100.81,6.3,237.44,237.56,6.93,1
6.2,0.59,5.88,29.01,21.61,86.06,0.03,100.78,6.83,240.38,240.5,7.62,1
6.48,0.61,5.48,29.1,22.28,88.19,0.06,100.69,6.34,225.38,225.5,7.06,1
6.58,0.62,5.27,29.22,21.67,85.31,0.01,100.81,6.04,210.31,210.38,6.64,1
6.82,0.64,4.55,29.26,19.96,78.69,0.01,100.98,5.16,222.56,222.56,5.58,1
6.39,0.6,4.07,28.6,19.65,80.56,0,100.94,4.53,227.5,227.5,4.83,1
6.63,0.62,4.45,28.8,20.02,81,0,100.86,5,225,224.94,5.38,1
6.96,0.66,4.18,28.83,20.39,82.12,0,100.81,4.66,232.06,232,5,1
6.85,0.65,4.1,29.09,20.94,83.12,0,100.89,4.57,220.81,220.88,4.9,1
6.71,0.63,4.32,29.48,20.57,80.06,0.01,100.96,4.84,217.69,217.69,5.21,1
6.93,0.66,4.3,29.46,20.75,80.88,0,100.92,4.83,233.81,233.88,5.19,1
6.98,0.66,4.8,29.09,21.55,85.44,0.02,100.83,5.42,229.88,230,5.86,1
6.93,0.66,4.22,29.22,21.48,84.75,0.01,100.89,4.73,229,229.19,5.08,1
6.47,0.61,3.55,29.15,20.75,82.38,0.03,100.95,3.91,228.62,228.75,4.15,1
6.08,0.58,3.09,29.16,20.14,79.75,0.06,100.95,3.38,222.56,222.62,3.55,1
6.93,0.66,3.77,29.08,21.12,83.94,0.03,100.93,4.16,224,224.19,4.41,1
7.09,0.67,5.08,29.35,21.73,85,0.06,100.92,5.73,222,222.12,6.2,1
6.97,0.66,5.88,29.87,22.09,84,0.07,100.91,6.76,230.56,230.75,7.44,1
6.7,0.63,6.22,29.81,21.73,82.69,0.06,100.76,7.2,226.81,226.94,7.94,1
6.6,0.62,6.11,29.9,22.64,85.56,0.21,100.64,7.07,222.81,223.06,7.84,1
6.7,0.63,5.57,29.77,22.34,85.12,0.3,100.64,6.39,229.56,229.69,7.02,1
6.43,0.61,4.55,29.61,22.52,86.5,0.21,100.6,5.15,230,230.12,5.56,1
5.85,0.55,4.06,29.44,21.85,84.75,0.27,100.6,4.53,216.94,216.94,4.84,1
6.5,0.62,3.48,29.46,21.73,84.19,0.7,100.61,3.84,232.31,232.44,4.09,1
5.58,0.53,4.23,30.01,20.14,75.69,4.06,100.69,4.75,222.25,222.31,5.12,1
3.03,0.29,4.52,30.15,20.14,75.12,4.45,100.7,5.09,240.88,241,5.51,1
6.08,0.58,4.05,30.3,20.39,75.5,3.26,100.65,4.53,228.44,228.69,4.85,1
3.14,0.3,4.97,29.57,20.94,80.62,3.21,100.66,5.61,232.88,233.19,6.04,1
6.4,0.61,4.49,29.71,20.63,79.06,15.91,100.66,5.04,214.38,214.44,5.4,1
5.76,0.55,5.86,30.25,21.61,80.19,4.58,100.63,6.74,207.69,207.81,7.42,1
4.99,0.48,5.41,30.06,21.85,81.81,0.96,100.64,6.2,211.81,211.88,6.78,1
5.04,0.48,6.34,30.03,21.91,82.31,4.59,100.69,7.35,215.19,215.25,8.16,1
5.81,0.55,5.27,29.83,21.48,81.69,18.44,100.65,6.01,232.38,232.62,6.57,1
1.45,0.14,7.3,29.91,22.09,83.44,14.06,100.55,8.55,239.69,240,9.62,1
0.62,0.06,9.3,29.86,21.18,80.25,6.67,100.53,11.07,244.25,244.56,12.66,1
3.89,0.37,7.78,29.95,22.34,84,6.95,100.49,9.23,241.5,241.88,10.62,1
5.63,0.54,6.8,29.81,23.01,87.31,10.61,100.56,8.03,229.44,229.88,9.27,1
3.23,0.3,6.78,29.65,22.95,87.88,16.67,100.55,7.98,237.12,237.56,9.08,1
3.25,0.31,8.05,29.83,22.09,83.94,22.7,100.57,9.54,246.69,247,10.94,1
3.85,0.37,7.78,29.7,22.16,84.75,22.01,100.66,9.2,233.5,234,10.48,1
3.69,0.35,7.71,29.73,22.28,85,22.97,100.67,9.12,223.75,224.12,10.38,1
0.79,0.08,8.48,29.54,21.91,84.56,30.72,100.67,10.09,236.44,236.69,11.61,1
3.27,0.31,8.17,29.12,21.3,84.06,15.27,100.56,9.66,236.06,236.5,10.96,1
1.4,0.13,7.99,29.33,20.69,80.75,10.88,100.51,9.44,243.12,243.56,10.73,1
3,0.29,6.7,29.05,21,83.44,12.71,100.55,7.81,245.81,246.12,8.75,1
1.98,0.19,6.52,29.1,21.12,83.62,12.27,100.5,7.59,232.94,233.31,8.49,1
6.28,0.6,5.06,29.33,21.18,82.56,4.25,100.47,5.82,226.75,226.94,6.45,1
6.98,0.66,4.66,29.61,21.79,83.62,7.92,100.45,5.35,212.81,213.06,5.91,1
4.33,0.41,4.82,29.39,21.48,83.69,11.92,100.6,5.51,209.75,210,6.04,1
5.93,0.56,5.29,28.65,20.26,82.56,19.14,100.75,6.05,207.88,208.06,6.59,1
5.63,0.54,6.74,29.09,19.9,78.94,7.11,100.73,7.85,224.88,225.19,8.8,1
2.64,0.25,7.27,29.36,21.3,83,7.19,100.51,8.57,235.75,235.94,9.75,1
2.09,0.2,7.42,29.33,21.85,85.25,9.99,100.5,8.75,240.44,240.62,9.96,1
1.11,0.11,7.81,28.7,21.12,85.56,17.11,100.49,9.21,234.81,235.06,10.42,1
2.49,0.23,8.54,28.58,20.94,85.31,13.56,100.48,10.16,223.25,223.56,11.7,1
3.29,0.31,8.92,28.8,21.85,87.81,9.91,100.41,10.66,217.5,218,12.38,1
5.01,0.48,9.04,29.16,21.97,86.69,10.72,100.5,10.82,222.12,222.5,12.62,1
5.15,0.49,8.99,29.08,21.97,87,9.2,100.57,10.74,222.75,223.19,12.45,1
4.74,0.45,8.97,28.87,21.79,87.31,11.78,100.57,10.69,220.75,221.25,12.29,1
2.39,0.23,9.55,28.96,21.12,84.38,8.95,100.53,11.43,225.12,225.75,13.21,1
2.46,0.23,9.22,29.08,21.18,83.94,5.16,100.53,11.02,221.31,221.81,12.7,1
6.41,0.61,8.27,29.09,21.61,85.69,3.69,100.62,9.83,222.81,223.12,11.32,1
4.97,0.48,8.21,29.06,21.61,85.75,2.62,100.69,9.77,222.62,223,11.25,1
5.52,0.52,7.51,29.01,21.79,86.69,4,100.7,8.88,219.94,220.25,10.16,1
4.11,0.39,6.95,29.08,21.36,84.94,1.13,100.72,8.18,227.19,227.56,9.29,1
5.87,0.56,6.69,29.13,21.24,84.06,1.01,100.88,7.83,222.44,222.62,8.82,1
6.37,0.61,6.88,29.06,21,83.75,0.47,100.92,8.08,219.69,219.88,9.13,1
5.59,0.53,6.46,29.23,20.69,81.69,0.54,100.95,7.57,223.81,223.94,8.58,1
4.98,0.48,7.04,29.07,21.36,84.88,1.55,100.77,8.27,236.75,237.12,9.4,1
6.29,0.6,6.3,28.87,20.63,83,1.68,100.71,7.33,245.88,246.12,8.2,1
5.62,0.54,6.9,28.99,21.48,85.69,1.3,100.64,8.09,223.75,224.12,9.15,1
4.89,0.47,6.86,28.96,21.42,85.38,2.21,100.45,8.03,231.69,232,9.05,1
4.54,0.43,5.83,28.8,21.12,84.75,1.91,100.26,6.73,240.12,240.25,7.45,1
6.25,0.59,4.98,28.72,21.3,86,2.07,100.25,5.69,209.06,209.25,6.22,1
6.79,0.65,4.03,28.66,21,85.12,1.45,100.39,4.53,190.88,190.94,4.87,1
3.39,0.32,4.41,28.05,20.2,84.94,2.79,100.39,4.99,96.88,97,5.42,0
5.5,0.52,6.75,28.59,20.51,83.5,1.74,100.43,7.85,217.56,217.69,8.7,1
5.57,0.53,6.27,28.71,20.39,82.5,0.83,100.53,7.23,211.06,211.06,7.96,1
6.44,0.61,6.52,29.05,20.69,82.38,0.34,100.67,7.56,220.25,220.44,8.41,1
5.47,0.52,7.54,29.28,21.12,82.81,9.79,100.73,8.88,220.75,220.94,10.09,1
4.01,0.38,8.84,28.73,21.06,85.19,47.66,100.65,10.49,228,228.38,11.95,1
1.06,0.1,8.4,28.33,20.26,83.88,6.97,100.64,9.89,235.5,236.06,11.13,1
1.39,0.13,8.27,28.76,20.63,83.5,11.37,100.61,9.77,226.31,226.81,11.08,1
4.46,0.42,7.69,28.86,20.02,80.62,6.23,100.74,9.03,221.5,221.75,10.21,1
5.12,0.48,6.82,28.83,20.57,82.94,1.82,100.8,7.97,222.94,223,8.97,1
3.82,0.37,7.02,28.66,20.87,85,3.18,100.82,8.21,225.81,226.06,9.23,1
3.12,0.3,7.85,28.37,20.75,85.81,15.45,100.78,9.25,228.94,229.19,10.49,1
2.08,0.2,9.84,28.4,20.14,83.19,13.03,100.74,11.78,229,229.38,13.62,1
4.13,0.39,8.93,28.75,20.51,83.06,6.09,100.72,10.65,234.5,234.88,12.29,1
5,0.48,8.27,28.83,21.24,85.38,5.79,100.58,9.84,242.12,242.5,11.32,1
0.96,0.09,10.47,28.44,19.71,81.19,21.9,100.48,12.61,254.56,254.75,14.73,1
1.52,0.15,11.12,28.76,20.08,80.88,16.14,100.36,13.48,241.69,242,15.91,1
4.4,0.42,11.01,28.83,20.87,83.81,4.02,100.33,13.34,225.44,226.06,15.75,1
6.61,0.63,10.88,28.65,20.69,83.88,6.34,100.41,13.17,225,225.38,15.55,1
6.45,0.62,8.42,28.51,21.36,87.44,1.14,100.51,10.04,233.56,233.94,11.66,1
6.65,0.63,7.57,28.41,21.55,88.56,0.54,100.46,8.96,242.88,243.31,10.31,1
6.13,0.59,7.57,28.39,21.3,87.75,1.35,100.36,8.95,244,244.56,10.24,1
4.44,0.42,7.47,28.39,21.3,87.75,1.14,100.37,8.84,232.19,232.56,10.17,1
5.92,0.56,7.55,28.44,20.81,85.56,0.35,100.56,8.94,218.75,219,10.27,1
6.31,0.6,6.38,28.59,21.06,85.94,0.78,100.75,7.48,214.75,214.94,8.51,1
6.67,0.63,5.94,28.61,21,85.62,0.81,100.8,6.92,223.69,223.88,7.78,1
5.66,0.54,5.26,28.58,20.69,84.5,0.82,100.73,6.05,228.06,228.19,6.67,1
4.97,0.48,4.9,28.54,19.53,80.12,1.7,100.71,5.58,212.81,213,6.09,1
5.45,0.52,5.41,28.33,19.41,80.69,1.91,100.78,6.18,222.62,222.75,6.73,1
5.76,0.55,6.05,28.77,20.51,82.94,1.56,100.81,7.02,235.88,236.06,7.84,1
6.41,0.61,7.06,28.86,20.87,84,2.8,100.74,8.3,237.62,237.75,9.43,1
4.63,0.45,7.84,28.87,21,84.19,10.03,100.56,9.27,236.44,236.69,10.63,1
1.39,0.13,7.62,28.3,21.06,87.25,18.11,100.52,8.99,242.5,242.75,10.19,1
5.01,0.48,8.94,28.48,20.51,84.19,9.77,100.62,10.65,239.75,239.88,12.25,1
4.27,0.41,8.9,28.67,20.57,83.56,5.79,100.62,10.62,235.25,235.56,12.31,1
4.15,0.4,9.23,28.57,20.32,83,5.04,100.68,11.02,234.44,234.75,12.73,1
4.48,0.43,9.05,28.37,19.84,82.19,4.59,100.78,10.78,234.62,234.88,12.37,1
1.79,0.17,8.07,28.37,20.26,84,14.79,100.72,9.53,239.44,239.69,10.86,1
3.92,0.38,7.5,28.13,20.45,85.81,16.09,100.72,8.8,243.31,243.56,9.91,1
5.59,0.54,6.57,28.33,20.39,84.62,6.04,100.68,7.64,248.69,249,8.54,1
1.62,0.16,8.45,28.28,20.57,85.25,17.38,100.47,10.01,241.94,242.31,11.41,1
1.13,0.11,8.82,28.26,20.32,84.44,31.41,100.34,10.47,239,239.31,11.94,1
0.94,0.09,9.81,28.19,19.9,83.19,10.69,100.52,11.75,239.06,239.38,13.55,1
4.77,0.46,9.23,28.44,20.26,83.5,5.96,100.63,11.03,240.38,240.62,12.78,1
1.94,0.19,9.81,28.26,20.14,83.94,15.3,100.57,11.77,237.19,237.56,13.66,1
1.79,0.17,9.16,28.39,20.75,85.56,6.48,100.52,10.96,236,236.38,12.75,1
2.35,0.23,9.11,28.31,20.75,85.94,16.08,100.57,10.89,227.38,227.75,12.63,1
2.01,0.2,10.3,28.25,21.18,87.94,13.38,100.52,12.43,220.12,220.5,14.52,1
4,0.39,9.1,28.35,21.36,88.38,13.58,100.58,10.89,219.5,220.06,12.66,1
5.44,0.53,7.59,28.27,21.24,88.31,2.08,100.76,8.98,214.25,214.62,10.31,1
4.02,0.39,6.8,28.27,21.24,88.25,4.69,100.73,7.99,215.62,215.81,9.08,1
4.49,0.44,6.67,28.02,20.63,87.19,9.73,100.82,7.77,216.12,216.31,8.66,1
3.49,0.34,7.4,27.99,19.78,83.94,6.96,100.98,8.69,206.44,206.56,9.78,1
3.13,0.3,6.68,28.33,19.1,79.5,21.81,101.06,7.79,213.94,214.12,8.73,1
5.93,0.58,6.56,28.3,19.84,82.88,3.46,101.06,7.66,222.81,223.06,8.62,1
6.41,0.62,5.8,28.32,20.14,83.94,3.66,101,6.73,232.19,232.31,7.53,1
3.21,0.31,5.75,28.33,20.08,83.5,7.95,100.9,6.66,229.62,229.88,7.44,1
2.29,0.23,6.14,27.86,20.32,86.75,17.27,100.7,7.12,243.06,243.44,7.9,1
5.79,0.57,5.45,27.78,19.29,82.62,1.89,100.69,6.22,235.62,235.81,6.8,1
6.31,0.62,6.01,28.32,20.2,83.88,3.94,100.8,6.96,211.81,212.06,7.76,1
2.52,0.25,5.9,28.23,20.08,84,14.39,100.93,6.82,214.69,214.94,7.55,1
3.67,0.37,4.86,28.03,19.17,81.06,4.44,100.89,5.53,243.62,244,6.02,1
4.48,0.45,2.01,27.81,18.13,77.5,10.32,100.73,2.16,223.44,223.38,2.24,1
4.89,0.48,4.05,27.84,19.41,83,10.83,100.72,4.53,273.19,273.5,4.83,1
3.58,0.36,6.09,27.99,20.26,86,12.24,100.85,7,208.44,208.38,7.67,1
1.33,0.13,7.19,28.03,19.84,84,9.01,101.03,8.38,172.12,172.38,9.3,1
4.93,0.49,4.77,28.14,19.59,82.69,4.73,101.2,5.4,149.44,149.5,5.84,1
6.01,0.6,3.22,28.4,19.47,81.06,1.31,101.37,3.54,88.62,88.69,3.76,0
5.99,0.6,3.93,28.19,19.41,81.62,2.27,101.38,4.36,37.06,37.31,4.63,0
6.26,0.63,3,27.82,19.29,82.94,0.78,101.25,3.26,71.88,72.12,3.42,0
6.6,0.66,2.54,27.85,19.29,82.75,0.07,101.31,2.73,68.56,68.75,2.85,0
6.81,0.69,1.25,27.91,18.55,79.44,0.02,101.22,1.31,78,78.19,1.36,0
6.89,0.7,1.44,28.37,18.19,75.75,0.01,101.18,1.52,299.12,299.38,1.56,1
6.71,0.68,1.5,28.63,17.21,70.56,0,101.17,1.59,248.62,249.12,1.63,1
6.65,0.68,1.63,28.54,17.09,70.44,0.05,101.12,1.73,197.31,197.5,1.77,1
6.52,0.66,1.37,28.31,17.82,74.31,0.37,101.09,1.45,255.56,256,1.48,1
6.56,0.67,1.04,28.51,17.64,72.69,0.67,101.03,1.09,197.38,197.06,1.12,1
6.67,0.69,1.18,28.58,17.7,72.62,0.54,101.08,1.23,248.75,249.06,1.27,1
6.19,0.64,1.66,28.45,17.52,72.56,0.96,101.05,1.77,130.06,129.56,1.83,1
3.37,0.35,1.28,27.8,17.82,76.69,2.36,101.04,1.34,153.56,167.62,1.39,1
6.27,0.65,1.93,28.37,18.01,74.88,0.84,101.03,2.06,162.44,162.06,2.14,1
6.5,0.67,1.66,28.58,18.43,75.69,0.84,101.07,1.77,159.62,159.5,1.84,1
6.52,0.68,2.09,28.6,18.74,76.88,2.01,101.06,2.23,128.81,129.25,2.3,1
6.54,0.68,1.88,28.67,18.43,75.38,0.77,101.03,1.99,106.25,106.12,2.05,1
6.18,0.65,1.98,28.67,18.74,76.62,0.71,101.04,2.1,27.69,27.62,2.19,0
6.11,0.64,2.54,28.91,19.53,78.5,2.5,101.01,2.75,58.25,58.25,2.88,0
5.58,0.59,4.42,29.37,20.02,78.38,4.3,101.01,4.93,114.19,114.19,5.29,1
5.51,0.58,3.38,28.8,19.9,80.62,5.06,101.1,3.7,119.69,119.44,3.92,1
5.94,0.62,3.98,29.17,19.78,78.38,2,101.08,4.41,85.75,85.69,4.72,0
5.82,0.62,4.33,29.12,20.2,80.25,1.63,101.04,4.84,81.75,81.75,5.2,0
4.86,0.52,4.57,29.26,20.45,80.69,5.55,101.08,5.13,92.12,92.25,5.55,0
4.9,0.52,4.12,28.89,20.39,82.12,5.11,101.09,4.59,100.19,99.81,4.93,1
2.76,0.3,3.57,28.01,20.14,85.25,12.05,101.01,3.92,105.69,105.56,4.18,1
5.4,0.58,3.9,27.61,19.53,84.81,11.84,100.9,4.3,159.69,159.5,4.57,1
5.79,0.62,4.56,28.47,20.2,83.31,2.9,100.84,5.11,165.94,165.75,5.48,1
6.24,0.67,3.3,28.7,20.02,81.38,1.42,100.92,3.61,188.25,188.12,3.8,1
6.06,0.66,3.65,28.54,20.02,82.25,1.96,100.99,4.01,147.38,147.25,4.24,1
6.09,0.66,3.31,28.79,19.96,81,1.44,101.05,3.63,113.5,113.38,3.86,1
5.46,0.59,4.01,29.03,20.2,80.69,0.76,101.02,4.45,72.69,72.81,4.77,0
5.79,0.63,3.95,28.87,20.26,81.69,1.62,101.08,4.38,84.88,84.81,4.68,0
4.42,0.48,3.98,28.62,17.64,72.25,3.5,101.15,4.45,64.06,64.38,4.77,0
5.91,0.65,2.98,28.84,19.23,77.75,3.79,101.11,3.26,67.62,67.88,3.45,0
5.66,0.62,3.32,28.8,19.47,78.88,2.11,101.07,3.64,35.56,35.81,3.84,0
5.78,0.64,3.78,29.08,19.53,77.75,1.03,100.99,4.2,41.12,41.12,4.5,0
5.56,0.62,4.1,29.33,18.55,72.88,0.18,101.02,4.59,35.25,35.19,4.92,0
5.89,0.66,3.77,29.29,17.82,70.25,0.2,101.09,4.17,26.06,26.44,4.41,0
5.52,0.62,3.61,29.4,17.27,67.75,0.67,101.12,3.98,180.5,180.38,4.21,1
0.56,0.06,4,28.85,19.23,77.62,35.91,100.84,4.45,240.5,240.62,4.77,1
0.61,0.07,5.79,27.83,18.92,80.88,25.34,100.67,6.59,157.31,157.19,7.12,1
0.91,0.1,8.52,28.22,20.14,84,7.45,100.48,10.05,303.19,303.88,11.27,1
3.82,0.44,7.73,28.4,19.71,81.38,22.36,100.73,9.08,252.88,253.44,10.16,1
4.63,0.53,4.29,28.43,18.8,77.75,5.68,100.97,4.8,237.06,237.5,5.17,1
4.93,0.56,2.91,28.43,16.72,69.44,1.01,100.99,3.19,252.06,252.12,3.38,1
5.51,0.63,1.32,28.35,14.89,61.94,0.55,100.97,1.4,234.69,234.69,1.45,1
5.23,0.6,2.76,27.73,16.36,70.69,0.36,101.1,2.98,53.12,53.19,3.11,0
5.5,0.63,4.22,27.85,18.49,79.38,0.52,101.21,4.69,70.25,70.25,5.02,0
5.53,0.64,5.36,28.29,19.04,79.69,0.75,101.2,6.09,61.19,61.44,6.61,0
4.87,0.57,3.61,28.44,18.49,76.69,2.89,101.09,4,70.44,70.75,4.27,0
5.79,0.67,1.62,28.26,17.21,72.12,0.59,101.1,1.72,132.31,132.38,1.77,1
5.91,0.69,2.12,27.93,18.37,78.5,0.24,101.13,2.27,77.44,77.5,2.35,0
4.38,0.52,3.01,27.93,19.17,81.94,1.1,101.17,3.27,77.56,77.81,3.43,0
5.75,0.68,4.38,27.8,19.04,82,1.21,101.15,4.86,74.31,74.5,5.19,0
5.14,0.61,5.02,27.77,18.92,81.56,0.49,101.14,5.64,61,61.38,6.06,0
5.35,0.63,5.92,28.12,18.92,80,0.55,101.18,6.77,64.81,65.19,7.39,0
5.19,0.62,5.65,28.4,17.58,73.25,0.09,101.26,6.45,67.94,68.19,7.04,0
5.41,0.64,5.06,28.79,15.69,63.94,0.14,101.27,5.73,62.31,62.69,6.2,0
5.77,0.69,4.9,28.62,16.05,66.06,0.11,101.23,5.54,68.06,68.25,5.98,0
5.35,0.64,5.57,27.63,17.88,77.75,0.19,101.24,6.31,69.62,69.75,6.83,0
5.51,0.66,5.87,27.99,17.88,76.19,0.16,101.16,6.7,70.19,70.62,7.31,0
5.56,0.66,6.66,28.54,19.04,78.5,1.43,101.13,7.75,69.5,69.69,8.62,0
5.41,0.65,6.87,28.45,19.17,79.44,0.46,101.14,8.01,58.06,58.44,8.92,0
5.29,0.64,6.8,28.66,19.84,80.94,3.83,101.13,7.95,59.81,60.19,8.94,0
4.86,0.59,6,28.53,19.96,82.25,2.09,101.17,6.96,63.56,63.81,7.73,0
5.6,0.68,5.88,28.45,18.55,76.81,0.5,101.22,6.76,58.12,58.31,7.43,0
5.46,0.66,5.64,27.93,17.82,76.06,0,101.24,6.42,52.25,52.5,6.95,0
5.42,0.66,5.63,27.93,17.76,75.81,0.02,101.24,6.41,51.19,51.44,6.95,0
4.86,0.59,7.13,27.76,17.88,77.31,0.17,101.32,8.28,48.25,48.56,9.13,0
4.67,0.57,6.7,27.67,18.07,78.5,6.87,101.42,7.73,50.81,51.31,8.48,0
5.35,0.66,7.35,28.17,16.66,70.38,0.35,101.44,8.58,75.88,75.94,9.55,0
5.22,0.64,7.39,27.73,15.44,67,0.03,101.38,8.59,72.06,72.12,9.52,0
4.29,0.52,5.96,27.86,14.89,64.06,0.07,101.42,6.81,70.38,70.69,7.39,0
5.56,0.69,5.49,27.48,15.75,69.31,0.15,101.38,6.23,59.5,59.81,6.72,0
5.05,0.62,6.33,27.14,16.48,73.81,1.86,101.26,7.26,64.06,64.25,7.88,0
5.28,0.65,5.76,27.01,16.11,72.62,0.35,101.21,6.55,61.75,62.12,7.05,0
4.93,0.61,5.79,26.94,15.93,72.19,0.23,101.25,6.59,68.06,68.19,7.1,0
5.41,0.67,5.07,27.02,15.62,70.5,0.19,101.37,5.72,61.62,61.75,6.15,0
5.3,0.66,4.89,27.54,15.56,68.38,0.25,101.45,5.53,63.06,63.25,5.98,0
5.14,0.63,5.59,27.22,16.66,74.38,0.75,101.35,6.38,66.19,66.38,6.92,0
5.59,0.7,5.47,27.15,16.36,73.44,0.1,101.31,6.23,49.12,49.38,6.73,0
5.46,0.67,6.2,27.33,16.85,74.75,0,101.34,7.15,45.62,45.88,7.86,0
5.1,0.63,6.48,27.31,16.6,73.62,0,101.39,7.48,43.5,43.69,8.23,0
5.01,0.62,6.5,26.8,16.78,76.62,0.36,101.33,7.48,42.69,42.94,8.18,0
5.35,0.66,5.55,26.35,16.24,76.06,0.33,101.26,6.29,35.31,35.62,6.75,0
5.2,0.64,4.93,26.23,16.17,76.5,0,101.33,5.52,36.81,37.38,5.84,0
4.65,0.58,4.62,26.28,15.69,73.88,0.01,101.32,5.14,51.94,52.62,5.45,0
5,0.62,5.19,26.49,15.62,72.88,0.09,101.33,5.84,45,45.44,6.23,0
5.5,0.68,5.15,26.4,15.56,72.94,0,101.35,5.77,39.62,39.62,6.17,0
5.68,0.7,5.31,26.54,14.65,68.25,0,101.31,5.98,48.94,49,6.42,0
5.75,0.71,4.77,26.72,14.53,66.75,0,101.3,5.34,50.88,51,5.72,0
5.08,0.62,4.48,26.53,15.87,73.5,0.16,101.18,4.98,51.94,52.06,5.32,0
5.16,0.64,5.33,26.41,16.3,76.06,0.98,101.22,6.01,46.88,47.19,6.46,0
4.43,0.55,5.38,26.72,15.69,72.19,0.66,101.29,6.09,52.75,53.5,6.52,0
4.42,0.55,5.19,26.6,16.6,76.75,1.71,101.34,5.85,52.88,53.44,6.27,0
1.18,0.15,5.91,27.29,18.01,80.12,5.69,101.42,6.8,67.38,67.94,7.45,0
4.52,0.55,5.48,27.22,18.19,81.25,2.46,101.47,6.28,80.31,80.62,6.85,0
5.01,0.62,5.65,27.39,18.62,82.38,3.51,101.56,6.49,78.88,79.19,7.13,0
4.88,0.6,4.52,27.29,17.94,79.94,0.43,101.44,5.09,101.69,102.06,5.51,1
5.54,0.68,2.59,26.83,17.33,79.12,0.14,101.27,2.81,83.12,83.62,2.95,0
5.64,0.69,3.6,26.74,17.64,80.88,0.16,101.29,3.97,56.31,56.44,4.21,0
5.27,0.64,6.8,26.65,17.76,82,0.07,101.41,7.85,48.5,48.69,8.59,0
5.38,0.66,6.39,26.03,15.44,73.88,0,101.4,7.28,38.06,38.31,7.84,0
5.1,0.62,4.9,25.91,15.08,72.69,0,101.32,5.46,47.38,48.12,5.8,0
5.71,0.7,3.44,26.29,14.71,69.38,0,101.32,3.76,40,40.69,3.93,0
4.95,0.6,5.41,26.39,16.3,76.38,0,101.32,6.11,30.31,30.69,6.55,0
5.28,0.64,6.86,26.37,16.11,75.5,0,101.36,7.9,27.38,27.5,8.6,0
5,0.6,6.05,25.3,14.34,71.69,0,101.27,6.84,24.06,24.19,7.32,0
4.68,0.56,4.41,24.81,13.31,68.44,0,101.18,4.86,25.56,25.56,5.11,0
5.53,0.66,3.4,25.28,13.24,66.25,0,101.22,3.69,57.94,58.81,3.83,0
5.66,0.68,3.39,25.82,14.95,72.38,0,101.29,3.73,50.75,51.69,3.9,0
5.7,0.68,4.25,26.19,15.5,73.56,0,101.32,4.72,50.69,51.31,4.99,0
5.79,0.69,4.41,26.28,15.56,73.38,0,101.34,4.92,48.44,49.06,5.23,0
6.02,0.71,4.97,26.42,15.08,70.69,0,101.3,5.59,38.62,39.06,5.99,0
5.94,0.7,5.06,26.63,15.32,70.94,0,101.29,5.72,40.19,40.56,6.15,0
5.9,0.7,5.44,26.45,15.2,71.06,0,101.4,6.17,43.94,44.31,6.66,0
5.73,0.67,6.5,26.44,15.75,73.62,0,101.47,7.49,48.75,49.12,8.21,0
5.25,0.62,6.68,26.21,16.54,78.44,0,101.5,7.71,43.94,44.31,8.45,0
5.91,0.69,5.88,26.3,15.5,73.06,0,101.41,6.7,39.5,39.81,7.26,0
6.12,0.71,5.61,26.49,14.89,69.44,0,101.39,6.38,40.25,40.56,6.88,0
5.67,0.66,5.46,25.77,15.32,74.69,0,101.4,6.16,37.19,37.31,6.6,0
5.59,0.65,4.25,25.34,14.59,72.81,0.08,101.33,4.7,20.75,20.56,4.97,0
5.63,0.65,3.84,25.72,15.01,73.12,0.63,101.28,4.23,22.94,22.88,4.48,0
5.69,0.66,3.73,25.78,14.59,71.12,0,101.37,4.09,27.06,27,4.31,0
5.15,0.59,4.05,26.22,13.92,65.94,0,101.45,4.48,53.62,53.62,4.76,0
6.25,0.71,3.82,26.52,14.59,67.94,0,101.34,4.22,58.12,58.38,4.47,0
5.83,0.66,3.98,26.29,15.69,73.94,0,101.3,4.41,59.75,60,4.68,0
5.85,0.66,4.89,26.32,16.11,75.75,0,101.33,5.5,65.94,66.12,5.91,0
6,0.68,5.53,26.3,15.75,74.44,0,101.51,6.27,56.06,56.44,6.77,0
5.84,0.66,6.14,26.29,15.99,75.69,0,101.52,7.03,48.62,49,7.64,0
5.51,0.62,6.04,26.08,16.05,76.62,0,101.37,6.89,52.44,52.75,7.47,0
5.94,0.66,4.85,25.91,14.77,71.44,0,101.39,5.42,39.38,39.44,5.78,0
6,0.67,4.41,26.31,14.89,70.12,0,101.44,4.91,41.88,42,5.23,0
5.79,0.64,5.15,26.32,16.17,76.25,0,101.47,5.81,61.94,62.12,6.27,0
5.98,0.66,4.75,26.12,15.56,74.31,0.03,101.5,5.32,66.38,66.56,5.7,0
6.04,0.66,5.47,26.01,15.2,73.12,0.14,101.51,6.18,53.62,54.06,6.67,0
5.78,0.63,6.02,26.1,16.17,77.06,0.03,101.46,6.88,35.56,36,7.45,0
5.99,0.66,6.94,26.37,16.54,77.81,0,101.47,8.05,43.44,43.81,8.84,0
6.31,0.69,6.8,26.36,15.44,72.81,0,101.55,7.86,33.75,34,8.59,0
6.54,0.71,5.92,25.8,14.04,68.12,0,101.46,6.73,22.25,22.25,7.22,0
6.74,0.73,3.22,25.31,11.96,59.81,0,101.3,3.49,16.69,16.62,3.66,0
6.86,0.74,2.5,25.55,12.33,60.75,0,101.35,2.7,92.19,92.31,2.83,0
6.67,0.72,4.1,26.28,13.24,62.75,0,101.48,4.53,58,58.06,4.83,0
6.52,0.7,5.07,26.01,13.55,65.31,0,101.51,5.69,40.5,40.56,6.1,0
6.56,0.7,4.66,25.4,13.61,67.88,0,101.49,5.18,50.69,50.75,5.5,0
6.33,0.67,4.74,25.26,15.08,75.69,0,101.48,5.28,51.81,52.31,5.59,0
5.58,0.59,5.2,26.14,17.15,81.5,0.05,101.44,5.89,57.56,58.25,6.34,0
6.28,0.66,5.84,26.22,17.27,81.88,0.22,101.55,6.69,51.81,52.56,7.27,0
6.17,0.65,6.2,26.58,16.72,77.75,0,101.6,7.13,50.88,51.38,7.8,0
5.65,0.59,5.8,26.84,16.54,75.5,0,101.51,6.66,53.38,53.75,7.29,0
6.19,0.65,5.05,27.04,16.48,74.44,0,101.33,5.76,54.69,55.06,6.26,0
5.73,0.6,4.8,26.97,16.3,73.75,0,101.23,5.45,57.94,58.25,5.89,0
5.8,0.6,3.8,26.87,16.42,74.56,0,101.24,4.25,67.06,67.5,4.54,0
5.99,0.62,5.09,26.33,16.91,79.56,0,101.27,5.77,40.5,40.75,6.23,0
6.16,0.64,5.33,25.9,16.54,79.75,0.07,101.22,6.02,41.12,41.44,6.48,0
6.42,0.66,4.2,25.73,15.38,74.88,0,101.18,4.66,46.88,47.12,4.95,0
6.61,0.68,4.06,25.41,15.08,74.88,0.33,101.25,4.48,42.38,42.5,4.73,0
6.15,0.63,2.74,25.3,14.22,71.06,0.54,101.29,2.95,25.69,25.88,3.04,0
6.45,0.66,2.13,25.15,14.16,71.38,0.48,101.25,2.27,35.69,36.31,2.3,0
6.93,0.71,2.05,25.28,13.79,69.12,0.32,101.25,2.2,113,113.94,2.27,1
6.66,0.68,2.49,25.68,14.89,72.81,0,101.2,2.67,108.44,108.62,2.79,1
6.14,0.62,2.53,25.9,15.75,76,0.54,101.31,2.73,98.62,99.62,2.84,0
5.77,0.59,2.67,26.65,16.72,77.12,0.76,101.39,2.91,81.19,82.38,3.04,0
7.02,0.71,3.48,26.59,16.54,76.69,0.03,101.31,3.83,47.81,48.06,4.02,0
7.09,0.71,4.26,26.38,16.85,78.94,0,101.16,4.73,33.12,33.19,5.06,0
6.76,0.68,3.34,26.82,16.54,75.5,0.03,101.18,3.68,49.62,49.62,3.91,0
6.72,0.67,3.23,26.79,15.56,71.19,0,101.22,3.54,69.25,69.25,3.74,0
6.68,0.66,2.98,26.65,15.38,71.12,0,101.34,3.26,41.25,41.31,3.44,0
6.54,0.65,4.41,26.67,17.46,80.31,0,101.27,4.95,53.88,54,5.32,0
6.62,0.66,4.09,26.6,18.19,83.88,0.02,101.17,4.55,47.75,47.81,4.88,0
6.59,0.66,4,27.03,18.37,82.62,0.13,101.12,4.46,42.25,42.44,4.77,0
7.12,0.7,3.69,27.19,18.74,83.69,0.27,101.23,4.11,37.44,37.62,4.4,0
6.91,0.68,3.44,27.5,18.49,81.19,0.17,101.36,3.82,52.56,52.81,4.06,0
7.07,0.7,3.21,27.18,18.07,80.88,0.03,101.29,3.53,25.38,25.44,3.73,0
7.08,0.7,2.15,27.39,16.17,71.5,0.04,101.21,2.31,52.25,52.31,2.42,0
6.89,0.68,2.06,27.26,16.54,73.44,0.01,101.21,2.23,70.12,55.06,2.34,0
6.9,0.68,1.99,27.22,16.36,72.88,0,101.24,2.14,75.12,75.06,2.24,0
7.07,0.7,2.66,27.51,16.54,72.56,0,101.25,2.88,85.38,85.38,3.03,0
6.82,0.66,2.79,27.52,16.78,73.38,0,101.2,3.03,68.25,68.38,3.18,0
7.19,0.7,3.98,27.48,17.21,75.31,0,101.03,4.43,46.12,46.25,4.74,0
7.03,0.68,3.26,27.55,16.17,70.62,0,101.02,3.57,59.88,59.94,3.77,0
6.67,0.65,2.96,27.44,15.5,68.19,0,101.1,3.22,50.62,50.62,3.4,0
7.3,0.71,3.46,27.66,16.3,70.81,0,101.24,3.8,36.12,36.19,4.03,0
7.17,0.7,2.3,27.26,16.6,73.88,0,101.11,2.46,89,89.06,2.58,0
7.23,0.7,1.41,27.15,16.78,75,0,101.02,1.49,149.94,149.69,1.56,1
6.91,0.66,2.01,27.79,16.91,72.81,0,101.06,2.17,151.88,151.75,2.3,1
6.89,0.66,2.1,28.39,18.13,75.31,0.01,101.08,2.27,38.12,37.94,2.39,0
6.25,0.6,1.7,28.18,18.68,78.44,0.02,101.04,1.82,156.5,156.56,1.91,1
7.01,0.67,1.39,27.86,18.43,78.88,0,101.03,1.46,98.94,98.56,1.52,0
7.01,0.67,1.53,27.69,16.85,73.12,0,101.13,1.61,93.31,93.25,1.67,0
7.08,0.68,2.63,28.05,16.85,71.5,0,101.18,2.84,72.88,73.06,2.98,0
7.21,0.69,2.23,28.28,16.72,69.94,0,101.22,2.38,61.62,61.75,2.49,0
7.11,0.68,2,28.83,16.11,65.44,0,101.18,2.14,173.81,173.81,2.23,1
7.37,0.7,0.8,29.06,15.01,60.19,0,101.08,0.84,187.69,187.62,0.86,1
7.05,0.67,1.56,29.23,15.69,62.06,0,101.14,1.66,221.62,221.75,1.71,1
6.87,0.66,1.46,29.05,15.93,63.88,0,101.15,1.55,70.38,70.12,1.59,0
6.66,0.63,2.25,28.83,16.91,68.62,0.01,101.22,2.41,88,87.69,2.5,0
7.16,0.68,3.29,28.91,17.4,70.31,0.01,101.27,3.59,53.12,53.06,3.79,0
7.24,0.69,2.44,28.94,17.27,69.62,0.05,101.17,2.62,32.25,32.31,2.74,0
7.34,0.7,1.38,28.65,16.3,66.69,0,101.03,1.46,49.5,49.88,1.51,0
7.41,0.7,1.91,29.02,15.26,61.25,0,101.11,2.04,91,90.75,2.12,0
7.2,0.68,1.33,28.83,16.24,65.94,0,101.19,1.39,36.75,36.88,1.44,0
6.83,0.65,1.28,28.81,16.6,67.25,0,101.07,1.35,37.12,37.75,1.39,0
7.16,0.68,1.08,28.91,16.48,66.38,0.01,101.08,1.13,180.5,180.25,1.17,1
7.23,0.69,1.36,29.07,17.88,71.44,0.13,101.13,1.43,157.25,157.5,1.49,1
7.4,0.7,1.92,29.12,18.74,74.69,0.2,101.08,2.05,85.62,85.75,2.14,0
7.34,0.7,2.77,29.29,18.92,74.69,0.23,101.05,2.99,75.44,75.62,3.13,0
7.06,0.66,2.86,29.48,19.47,75.75,0.24,101.04,3.1,76.12,76.19,3.24,0
7.19,0.68,2.86,29.56,19.65,76.19,0.31,100.99,3.1,80.06,80.25,3.26,0
7.34,0.7,2.6,29.58,19.65,75.94,0.18,100.97,2.8,80.12,80.25,2.93,0
7.27,0.69,2.59,29.79,20.02,76.62,0.17,100.97,2.79,150,150.12,2.91,1
7.41,0.7,3.02,30.13,19.53,73.31,0.21,100.98,3.3,141.56,141.62,3.46,1
6.37,0.6,3.27,29.94,20.57,77.94,0.89,101.01,3.58,151.25,151.25,3.77,1
5.63,0.53,4.95,28.83,19.96,80.81,3.45,101.14,5.56,127.38,127.38,5.9,1
6.86,0.65,3.25,29.19,19.78,78.31,2.14,101.03,3.56,135.88,136.12,3.77,1
6.76,0.64,1.77,28.58,19.41,79.62,2.43,101.01,1.87,161.44,161.88,1.95,1
6.97,0.66,2.64,29.13,19.47,77.5,0.62,101.04,2.84,144.56,144.88,2.97,1
7.37,0.7,0.57,29.09,18.25,72.69,0.2,100.97,0.59,195.12,209.62,0.61,1
7.44,0.7,1.18,29.73,17.7,67.81,0,100.83,1.24,104.19,103.38,1.27,1
7.2,0.68,2.23,29.59,19.41,74.94,0.02,100.85,2.38,160.62,160.69,2.46,1
7.25,0.68,2.45,29.61,20.51,79.25,0.05,100.98,2.63,147.25,147.31,2.74,1
7.43,0.7,1.5,29.96,19.53,74,0.02,100.92,1.59,174.31,174.19,1.64,1
7.32,0.69,0.88,30.15,19.29,72.19,0.27,100.91,0.91,224.44,224.88,0.94,1
6.8,0.64,1.57,30.35,19.59,72.44,0.47,100.92,1.67,268.25,269.44,1.73,1
7.14,0.67,1.75,30.69,19.23,69.81,0.22,100.88,1.86,298.31,298.81,1.92,1
7.21,0.68,1.92,30.62,19.96,72.81,0.13,100.9,2.05,120.88,121,2.12,1
7.09,0.67,1.98,29.83,20.2,77.06,0.05,100.91,2.12,29.38,29.56,2.2,0
6.38,0.6,2.78,30.13,20.08,75.12,0.51,100.92,3,63.94,64,3.13,0
6.45,0.61,2.8,30.27,20.08,74.56,1.7,100.85,3.02,73.38,73.31,3.18,0
6.73,0.63,3.95,29.69,19.53,75,1.9,100.81,4.4,86.19,86.31,4.76,0
5.31,0.5,6.36,30.02,21.61,81.12,4.26,100.66,7.3,84.12,84.31,7.98,0
5.36,0.51,6.69,29.87,21.3,80.62,4.93,100.47,7.7,94.5,94.81,8.46,0
1.8,0.17,10.24,29.57,22.03,84.62,18.91,100.21,12.26,84.88,85.44,13.98,0
1.5,0.14,13.21,29.74,22.77,86.06,29.35,99.64,16.21,133,134.25,19.02,1
1.16,0.11,15.02,29.62,21.61,81.88,38.49,99.33,18.53,173.31,174.56,21.95,1
2.01,0.19,13.73,29.83,21.42,80.38,5.15,99.51,16.91,225.12,226.25,20.14,1
5.07,0.48,7.9,28.96,22.71,90.12,1.3,100.13,9.42,217.5,218.06,11.11,1
5.68,0.54,5.65,28,22.77,95.94,0.16,100.45,6.64,216.5,217,7.72,1
6.15,0.58,4.84,27.88,22.28,94.81,0.11,100.65,5.64,195.06,195.62,6.41,1
6.35,0.6,4.36,27.98,21.55,91.31,0.03,100.73,5.02,184.31,184.5,5.59,1
6.79,0.64,3.34,28.05,21.18,89.38,0.04,100.81,3.73,163.31,163.44,4.02,1
6.76,0.64,3.71,28.66,20.94,85.38,0.24,100.91,4.18,151.75,151.81,4.54,1
6.84,0.65,3.94,29.15,21.06,83.31,0.11,100.9,4.44,168.62,168.44,4.8,1
6.34,0.6,4.71,29.2,21,82.81,0.14,100.82,5.34,209.06,209.19,5.8,1
6.83,0.65,5.34,29.53,21.36,82.62,1.07,100.73,6.13,203.12,203.31,6.76,1
6.39,0.6,6.04,29.69,21.91,84,0.12,100.71,7.02,206.44,206.69,7.86,1
6.8,0.64,4.77,29.53,21.97,85.19,0.13,100.86,5.48,206.81,206.94,6.06,1
6.56,0.62,4.19,29.27,21.61,85.06,3.85,100.95,4.71,192.19,192.62,5.09,1
6.68,0.63,3.07,29.56,20.81,80.5,0.53,100.97,3.39,223.25,223.62,3.62,1
6.12,0.58,4.84,29.46,20.81,81.12,2.74,100.93,5.47,240.88,241.25,5.92,1
5.72,0.54,5.59,29.83,21.06,80.25,1.39,100.84,6.43,231.81,232.12,7.09,1
5.54,0.52,5.86,29.85,21.24,80.75,2.03,100.83,6.77,229.12,229.44,7.48,1
5.6,0.53,4.82,29.29,21.48,84.44,18.13,100.83,5.46,220,220.69,5.97,1
5.11,0.48,6.11,29.16,20.94,82.69,20.21,100.72,7.04,247.06,247.69,7.77,1
3.89,0.37,7.66,28.89,20.51,82.31,11.21,100.57,8.98,244.88,245.19,10.06,1
2.85,0.27,6.64,29.17,20.69,81.56,7.98,100.51,7.7,249.94,250.19,8.55,1
1.67,0.16,6.01,28.84,20.26,81.56,21.87,100.51,6.89,252.19,252.5,7.56,1
1.15,0.11,7.45,28.76,20.2,81.5,11.72,100.41,8.71,227.69,227.88,9.73,1
3.45,0.33,9.24,28.98,21.06,83.69,4.12,100.33,11.02,207.81,208.25,12.69,1
2.52,0.24,8.92,29.19,21.36,84.06,3.27,100.33,10.65,215.56,216,12.3,1
6.15,0.59,7.24,29.23,21.85,85.69,6.61,100.44,8.55,218.88,219.19,9.76,1
6.52,0.62,6.72,29.3,21.79,85.19,3.8,100.53,7.88,213,213.25,8.92,1
4.84,0.46,7.38,28.94,21.48,85.81,12.38,100.54,8.66,218.69,219.12,9.77,1
5.27,0.5,8.73,29.13,21.36,84.31,6.63,100.53,10.39,207.19,207.5,11.93,1
5.05,0.48,7.71,29.37,21.61,84.31,4.39,100.59,9.12,213.69,213.94,10.46,1
5.09,0.48,7.1,29.27,21.79,85.5,5.38,100.7,8.36,217.12,217.44,9.52,1
5.43,0.52,6.82,29.23,21.61,85,5.05,100.67,7.99,221.69,221.94,9.05,1
3.89,0.37,6.93,29.29,21.79,85.19,6.34,100.56,8.15,219.88,220.19,9.26,1
3.89,0.37,6.23,29.25,21.42,83.88,6.09,100.43,7.24,230.75,231.06,8.09,1
6.46,0.62,5.96,29.37,21.42,83.25,4.31,100.38,6.92,234.56,234.94,7.72,1
6.32,0.6,4.11,28.8,20.39,82.06,4.16,100.58,4.59,206.25,206.44,4.91,1
4.63,0.44,3.35,28.56,19.71,80.69,3.38,100.65,3.68,149.44,149.44,3.89,1
6.28,0.6,4.7,28.55,20.57,84.19,1.28,100.58,5.29,158.62,158.81,5.7,1
6.24,0.59,5.62,28.99,20.94,83.31,0.74,100.59,6.44,200.31,200.44,7.04,1
5.9,0.56,5.36,29.23,20.94,82.31,0.39,100.63,6.14,204.56,204.81,6.73,1
6.34,0.6,4.9,29.19,21.06,82.94,1.38,100.59,5.56,194.56,194.75,6.05,1
4.1,0.39,5.38,28.88,21.24,85,3.78,100.56,6.13,193.38,193.75,6.68,1
3.24,0.31,5.89,28.9,20.14,80.62,20.02,100.57,6.75,198.69,199,7.41,1
4.44,0.42,7.12,28.9,20.02,80.19,18.3,100.57,8.3,222.25,222.56,9.25,1
5.58,0.53,7.95,29.23,20.51,80.5,4.88,100.51,9.38,220.88,221.12,10.65,1
3.68,0.35,8.53,28.89,21.18,84.94,11.36,100.53,10.12,217.69,218,11.55,1
1.4,0.13,9.6,28.92,20.69,82.75,21.12,100.53,11.48,215,215.38,13.23,1
2.73,0.26,8.64,29.39,21.24,82.62,12.31,100.49,10.28,224.5,224.69,11.84,1
4.89,0.47,7.93,29.3,21,82.12,4.09,100.47,9.38,234.25,234.44,10.71,1
3.64,0.34,5.42,29.12,20.81,82.44,4.3,100.69,6.23,211.25,211.56,6.86,1
3.57,0.34,5.34,28.57,19.9,81.5,3.63,100.75,6.07,193.31,193.75,6.57,1
6.57,0.62,4.5,28.59,20.32,82.88,2.94,100.64,5.07,220,220.38,5.45,1
6.52,0.62,5.31,28.97,20.45,81.75,2.62,100.67,6.07,222,222.19,6.62,1
6.41,0.61,6.09,29,21.12,84.12,3.6,100.66,7.02,222.69,222.75,7.74,1
4.55,0.43,5.62,29.11,20.75,82.19,7.94,100.61,6.45,219.31,219.56,7.09,1
3.97,0.38,6.36,28.97,20.87,83.25,10.04,100.53,7.37,214.5,214.88,8.16,1
2.73,0.26,5.7,28.98,20.2,80.5,6.42,100.59,6.54,216.19,216.38,7.21,1
0.82,0.08,7.1,28.84,21.42,86.19,24.63,100.56,8.31,207.5,207.69,9.36,1
2.42,0.23,7.55,28.7,20.81,84.38,8.38,100.53,8.86,215.56,215.81,10.01,1
3.12,0.3,5.25,28,19.84,83.75,10.8,100.6,5.94,204.25,204.69,6.41,1
5.27,0.5,5.05,27.84,19.9,85,10.79,100.69,5.69,194.25,194.44,6.11,1
6.07,0.58,4.39,28.3,20.57,85.5,2.3,100.67,4.92,186.38,186.38,5.28,1
6.68,0.63,5.13,28.82,21,84.56,3.4,100.65,5.85,200.12,200.25,6.39,1
6.72,0.64,5.18,28.91,20.75,83.12,1.19,100.79,5.91,197.94,198.12,6.45,1
4.7,0.45,4.7,28.59,19.84,81.25,4.15,100.83,5.28,195.38,195.5,5.68,1
2.6,0.25,4.41,28.08,19.71,82.94,22.35,100.77,4.91,227.88,228.19,5.26,1
1.95,0.19,3.86,28.39,19.65,81.31,10.23,100.8,4.28,215.19,215.62,4.55,1
7.03,0.67,2.8,28.72,19.78,80.25,0.85,100.79,3.05,235,235.19,3.23,1
7.11,0.68,2.21,28.86,19.29,77.81,0.22,100.81,2.38,250.69,250.81,2.47,1
5.83,0.55,2.33,28.51,19.53,80.25,0.12,100.63,2.51,223.06,223.25,2.6,1
5.83,0.55,3.59,28.48,19.9,81.69,0.26,100.51,3.93,136.19,136,4.16,1
6.17,0.59,7.46,29.21,21.06,82.69,1.48,100.41,8.77,147.88,148.31,9.88,1
5.26,0.5,6.11,29.12,20.81,82.38,6.29,100.58,7.04,196.69,197.06,7.73,1
1.66,0.16,5.61,28.82,20.87,84.12,5.27,100.55,6.41,227.25,227.12,7.03,1
1.6,0.16,5.73,29.15,20.87,82.25,8.18,100.49,6.59,241.5,241.5,7.28,1
2.47,0.23,7.74,28.75,21.12,85.12,12,100.42,9.11,237.06,237.25,10.3,1
1.3,0.12,11.03,28.36,20.75,85.44,46.64,100.16,13.33,243.81,244.19,15.5,1
1.17,0.11,11.69,28.65,20.14,81.56,6.07,100.05,14.19,251.56,251.94,16.7,1
2.58,0.25,9.73,28.92,20.94,83.31,7.83,100.16,11.69,227.38,227.81,13.71,1
5.08,0.48,8.88,28.9,20.75,83.06,9.66,100.5,10.58,211.19,211.62,12.19,1
4.78,0.45,6.43,28.88,21.18,84.81,11.26,100.58,7.49,225.25,225.69,8.4,1
2.67,0.26,6.58,28.37,20.75,85.69,32.29,100.49,7.63,211.81,212.19,8.47,1
3.85,0.37,8.34,28.29,20.02,82.94,18.57,100.41,9.84,221.44,221.81,11.05,1
4.96,0.47,7.21,28.75,20.45,82.56,9.35,100.52,8.47,235.31,235.56,9.55,1
5.2,0.49,6.91,28.95,20.94,83.75,4.15,100.61,8.09,232.31,232.62,9.14,1
3.96,0.38,7.98,28.76,20.81,84.19,6.69,100.62,9.45,239.12,239.62,10.76,1
1.99,0.19,7.98,28.3,20.69,85.75,10.59,100.46,9.41,238.38,238.94,10.71,1
1.01,0.09,8.09,28.42,20.94,86.06,9.22,100.46,9.59,227.56,227.88,10.95,1
3.75,0.36,7.07,28.42,20.81,85.62,19.28,100.57,8.3,216.25,216.62,9.38,1
5.44,0.52,7.27,28.66,20.94,85,5.6,100.59,8.56,214.06,214.31,9.74,1
5.96,0.57,7.49,28.89,20.51,82.25,4.83,100.57,8.84,214.12,214.44,10.05,1
4.38,0.42,7.09,28.78,21.12,85.12,6.15,100.57,8.34,218.06,218.31,9.45,1
3.63,0.34,7.83,28.36,21.24,87.56,12.74,100.44,9.27,217.31,217.62,10.58,1
5.95,0.57,7.77,28.51,21.55,88.12,4.27,100.5,9.2,208.19,208.44,10.52,1
6.15,0.59,6.12,29.01,21.3,84.94,3.14,100.8,7.15,199.88,200.12,8.05,1
6.46,0.62,6.22,29.05,21.06,83.81,3.24,100.84,7.25,209.56,209.75,8.11,1
5.29,0.51,6.01,29.06,20.63,82.06,1.81,100.82,6.97,214.69,214.94,7.74,1
4.7,0.45,5.76,28.84,20.45,82.31,1.67,100.84,6.62,234.81,235.06,7.28,1
4.48,0.43,4.63,28.73,20.63,83.81,1.59,100.84,5.25,234.5,234.69,5.68,1
6.26,0.6,6.59,28.98,20.87,83.38,0.9,100.79,7.7,222.56,222.69,8.64,1
6.77,0.65,6.39,29.09,20.87,82.88,1.3,100.7,7.46,222.94,223.19,8.39,1
6.8,0.66,5.43,29.01,20.81,82.94,0.8,100.65,6.26,225.62,225.81,6.93,1
6.48,0.62,4.41,28.82,20.69,83.25,0.52,100.66,5,220.38,220.75,5.43,1
6.98,0.67,3.09,28.78,20.02,80.81,0.03,100.69,3.4,246.56,246.81,3.61,1
6.4,0.62,2.78,28.95,20.02,80,0.09,100.7,3.07,251.56,251.94,3.26,1
5.75,0.55,3.2,28.68,20.08,81.56,0.29,100.68,3.51,184.56,184.56,3.7,1
6.6,0.64,3.66,28.64,19.96,81.44,0.06,100.75,4.03,159.44,159.44,4.27,1
6.66,0.64,2.78,28.78,19.59,79.19,0.65,100.79,3.03,138,137.25,3.2,1
6.84,0.66,3.17,28.94,19.47,78.06,0.18,100.68,3.46,99.69,99.69,3.65,0
6.57,0.64,1.38,29.11,18.8,74.62,0.39,100.65,1.46,163.06,162.88,1.52,1
6.13,0.59,3.45,29.19,19.96,78.75,0.97,100.68,3.8,200.94,201.06,4.02,1
6.57,0.64,3.98,28.77,20.2,81.75,0.48,100.76,4.4,218.31,218.5,4.66,1
5.59,0.55,2.8,28.96,19.78,79.19,0.73,100.78,3.03,199.88,200.19,3.16,1
5.9,0.58,2.83,28.51,19.78,81.19,6.61,100.71,3.05,217.94,218.5,3.17,1
5.57,0.55,4.45,28.07,20.63,86.62,15.61,100.5,5.07,218.69,218.62,5.51,1
4.53,0.45,7.35,29.01,20.57,82,3.56,100.57,8.59,231.25,231.44,9.57,1
4.02,0.39,6.69,28.99,20.45,81.56,9.64,100.72,7.76,236.25,236.56,8.59,1
4.33,0.42,6.88,28.59,20.2,82.62,5.59,100.73,7.95,223.06,223.5,8.77,1
5.18,0.51,6.46,28.73,20.57,83.25,8.38,100.68,7.46,225.19,225.5,8.21,1
3.9,0.38,6.81,28.98,20.39,81.25,6.8,100.7,7.91,215.25,215.62,8.78,1
5.08,0.5,5.86,28.61,20.26,82.69,5.63,100.78,6.7,211.88,212.19,7.31,1
5.54,0.55,7.02,28.64,20.26,82.69,8.73,100.74,8.15,222.25,222.62,9.04,1
3.15,0.31,7.95,28.55,19.84,81,7.17,100.54,9.34,236.62,237,10.48,1
2.09,0.21,8.68,28.38,20.63,84.88,19.1,100.21,10.28,235.94,236.44,11.62,1
1.55,0.16,11.4,28.37,19.9,82.06,15.69,100.18,13.78,227.25,227.69,16.02,1
2.66,0.27,10.02,28.66,20.26,82.19,7.96,100.45,12.02,228.06,228.38,13.92,1
5.6,0.55,8.23,29.01,20.63,82.31,2.13,100.66,9.77,214.44,214.69,11.22,1
6.27,0.62,5.66,29.09,20.39,80.88,3.66,100.79,6.55,211.19,211.38,7.27,1
3.66,0.37,4.91,28.55,19.65,80.69,6.49,100.97,5.56,208.06,208.31,6.02,1
2.26,0.23,6.31,27.88,19.29,82.31,2.37,100.92,7.24,211.69,211.94,7.89,1
5.43,0.55,6.91,28.45,19.53,80.62,5.83,100.86,8.04,226,226.19,8.92,1
5.34,0.54,7.22,28.63,20.14,82.19,4.58,100.82,8.45,230.19,230.38,9.48,1
5.08,0.52,6.84,28.69,20.32,82.56,8.48,100.7,7.97,237.44,237.69,8.88,1
1.69,0.17,6.38,27.95,20.57,87.12,24.7,100.53,7.39,245.88,246.12,8.16,1
4,0.41,6.54,28.04,20.26,85.12,19.95,100.41,7.58,256.25,256.19,8.38,1
5.33,0.54,7.32,28.64,19.96,81.12,9.13,100.43,8.59,243.44,243.62,9.66,1
3.66,0.38,7.55,28.63,19.9,81.06,2.87,100.49,8.88,242.44,242.81,10.03,1
4.15,0.42,7.03,28.55,20.39,83.44,3.62,100.6,8.24,224.12,224.5,9.28,1
4.88,0.5,6.94,28.62,20.69,84.31,3.72,100.63,8.12,231.94,232.31,9.17,1
5.69,0.59,6.48,28.73,19.84,80.38,1.25,100.61,7.54,227.5,227.81,8.43,1
5.57,0.57,6.05,28.42,19.84,81.94,1.97,100.72,7,206.62,206.94,7.73,1
5.62,0.58,4.04,28.26,19.78,82.44,1.46,100.83,4.52,205.81,206,4.87,1
5.78,0.6,1.95,27.94,18.25,77.56,2.04,100.84,2.09,168.62,168.62,2.16,1
2.42,0.25,2.34,27.01,18.01,80.94,7.58,100.82,2.5,279.75,279.88,2.59,1
3.39,0.35,4.22,27.23,19.84,87.62,23.24,100.53,4.76,299.88,300.19,5.11,1
2.89,0.3,8.45,28.24,20.39,84.5,21.78,100.26,9.98,255.5,255.88,11.21,1
3.97,0.41,7.72,28.74,20.63,83.12,20.07,100.19,9.09,236.25,236.62,10.3,1
2.06,0.22,7.16,28.63,20.69,83.94,9.11,100.34,8.4,224.69,225.06,9.53,1
0.82,0.09,5.68,28.08,20.39,85.62,36.48,100.52,6.52,224.94,225.31,7.2,1
3.6,0.38,2.92,27.62,19.71,85.25,10.7,100.58,3.2,224.19,224.62,3.41,1
4.69,0.5,1.84,27.23,19.1,84.44,8.18,100.56,1.95,236,235.75,2.03,1
4.66,0.49,0.73,27.42,18.31,80.12,10.76,100.54,0.77,258,259.88,0.79,1
5.31,0.56,3.6,27.65,19.53,84.25,7.96,100.54,3.98,211.81,212.06,4.23,1
4.11,0.44,4.08,27.76,19.96,85.38,4.15,100.47,4.55,212.81,213.25,4.88,1
4.01,0.43,4.89,27.93,20.39,86.31,8.19,100.5,5.52,217.38,217.62,5.99,1
4.07,0.44,6.73,28.79,20.63,83.12,8.41,100.56,7.85,207.94,208.31,8.79,1
4.49,0.48,7.37,29.01,20.94,83.44,2.1,100.52,8.66,218,218.38,9.8,1
5.15,0.55,5.29,28.86,20.69,83.12,3.92,100.64,6.07,229.38,229.5,6.67,1
3.04,0.33,4.06,28.35,20.32,84.25,7.82,100.8,4.55,241.75,241.88,4.89,1
4.05,0.44,2.53,27.4,18.25,80.25,14.59,100.98,2.73,264.62,264.94,2.85,1
3.03,0.33,1.7,27.3,18.01,79.62,6.24,100.96,1.8,305.25,306,1.85,1
6.04,0.66,1.14,27.32,18.19,80.19,4.53,100.85,1.21,223.69,223.19,1.25,1
6.18,0.68,2.18,27.91,18.25,77.75,1.18,100.93,2.33,100.56,100,2.45,1
5.96,0.66,2.87,28.36,18.13,75.31,1.66,100.9,3.13,48.56,33.69,3.3,0
4.49,0.5,3.02,27.61,18.92,82.12,2.23,100.83,3.29,35.56,35.81,3.45,0
6.08,0.67,1.27,27.71,18.43,79.5,1.85,100.85,1.34,240.31,226.19,1.37,1
6.07,0.67,1.41,28.12,18.37,77.25,0.8,100.96,1.5,201.88,201.5,1.53,1
5.98,0.67,1.14,28.48,18.49,76.38,0.28,101.05,1.2,90.88,92.81,1.25,0
5.85,0.66,2.96,28.86,18.86,76.19,0.11,101.09,3.24,116.12,116.25,3.41,1
5.93,0.66,2.95,27.95,19.78,84.31,0.09,101.1,3.2,127,127,3.36,1
6.22,0.7,3.02,28.4,19.23,79.94,0.04,101.16,3.29,86.62,86.5,3.47,0
6.02,0.68,4.12,28.69,19.53,79.81,0.04,101.23,4.59,60.88,60.94,4.91,0
5.49,0.62,5.99,28.87,19.59,79.31,0.9,101.22,6.88,49.31,49.5,7.55,0
4.93,0.56,5.5,28.69,20.02,81.88,1.85,101.21,6.27,47.94,48.12,6.83,0
2.26,0.26,5.95,28.88,20.32,81.81,10.23,101.04,6.84,51.38,51.75,7.53,0
2.43,0.28,5.63,28.68,20.08,81.69,13.19,100.93,6.45,96.06,96.19,7.08,0
4.59,0.53,5.94,28.6,19.9,81.56,6.27,101.05,6.83,93.94,94,7.51,0
5.71,0.66,5.98,28.9,19.1,77.06,0.65,101.15,6.9,69.44,69.62,7.62,0
5.63,0.65,6.98,29.06,19.84,79.12,1.04,101.02,8.16,53.19,53.5,9.15,0
2.94,0.34,6.9,29.04,20.26,80.75,10.85,100.9,8.06,68.38,68.56,9.05,0
4.28,0.5,5.9,29.01,19.71,78.75,2.04,101.02,6.81,82.94,83,7.54,0
5.26,0.62,5.29,28.66,19.47,79.56,0.25,101.09,6.03,74.44,74.38,6.59,0
5.26,0.62,5.2,28.57,19.1,78.5,6.43,101.06,5.91,69.88,69.88,6.44,0
5.52,0.65,4.77,28.27,18.86,78.81,1.6,101.1,5.38,62.25,62.38,5.81,0
5.32,0.62,5.5,28.41,17.46,72.5,0.16,101.09,6.27,52.94,53.06,6.84,0
4.83,0.57,6.22,28.23,17.46,73.25,0.02,101.11,7.16,44.88,45.06,7.87,0
4.94,0.59,6.06,28.27,18.19,76.12,0.7,101.09,6.96,41.75,42.06,7.64,0
4.82,0.57,6.62,28.55,18.19,74.88,1.49,101.13,7.67,56.25,56.56,8.48,0
3.24,0.38,7.55,28.61,19.17,78.62,54.04,101.11,8.87,68.12,68.44,9.96,0
1.08,0.12,5.75,28.07,19.71,83.25,29.4,101.08,6.61,95.44,95.31,7.27,0
4.1,0.49,6.43,27.75,19.53,84.12,21.42,101.06,7.42,100.44,100.5,8.19,1
5.3,0.63,5.38,27.81,19.29,83,8.21,101.13,6.12,103.88,103.94,6.65,1
5.4,0.65,5.56,28.19,19.29,81.19,5.79,101.21,6.37,88.69,88.69,6.98,0
4.95,0.59,5.77,28.45,19.04,78.94,9.42,101.26,6.64,67.44,67.62,7.34,0
4.84,0.59,7.01,28.45,18.92,78.38,1.82,101.22,8.19,54.5,54.75,9.17,0
4.89,0.59,7.2,28.21,18.62,78.19,1.92,101.18,8.41,55.69,56.12,9.38,0
3.69,0.45,7.01,28.52,19.29,79.44,10.17,101.17,8.21,69,69.44,9.24,0
3.81,0.46,6.46,28.81,19.41,78.69,9.22,101.06,7.56,88.25,88.44,8.54,0
3.83,0.47,5.39,28.13,19.47,82.12,8.71,101.03,6.17,95.38,95.31,6.77,0
2.91,0.35,5.27,27.47,19.17,84,29.93,101.04,5.99,99.5,99.56,6.52,0
2.85,0.35,3.28,26.66,18.19,83.69,33.73,101.14,3.57,88.56,88.94,3.77,0
3.73,0.45,4.07,27.38,18.68,82.31,4.54,101.22,4.52,93.44,93.75,4.83,0
4.32,0.53,4.29,27.47,18.68,82.06,2.51,101.35,4.78,71.5,71.81,5.11,0
5.27,0.65,6.23,27.83,17.03,73.38,0.71,101.36,7.14,59.88,60.06,7.81,0
5.37,0.66,6.23,27.49,15.81,69.38,0,101.28,7.12,47,47.06,7.75,0
4.57,0.56,5.31,27.26,15.32,68.31,0.01,101.24,5.98,46.81,46.75,6.45,0
4.4,0.54,4.97,27.11,15.2,68.25,0.04,101.24,5.56,41.56,41.88,5.95,0
4.33,0.53,4.76,26.99,14.89,67.38,0.43,101.2,5.3,41.44,42.12,5.63,0
4.84,0.6,4.84,26.83,15.08,68.69,0.23,101.13,5.4,34.5,34.75,5.76,0
5.06,0.62,5.02,27.1,15.99,71.81,0.23,101.12,5.62,46.31,46.5,6.02,0
4.82,0.59,5.43,27.58,17.03,74.38,0.17,101.2,6.16,62.25,62.56,6.66,0
4.31,0.53,5.13,27.83,18.01,77.38,5.19,101.28,5.84,53.5,53.69,6.32,0
4.27,0.53,5.15,27.65,18.86,82,12.6,101.18,5.85,52.62,52.81,6.35,0
4.39,0.55,6.7,27.61,17.58,76.44,1.88,101.2,7.76,49.75,49.94,8.56,0
4.53,0.56,7.48,27.09,16.66,74.94,0.1,101.3,8.71,42.5,42.88,9.62,0
4.82,0.59,6.73,26.51,16.36,76.25,0.22,101.35,7.72,39.44,39.88,8.4,0
4.97,0.62,5.7,26.55,16.78,77.88,0.46,101.24,6.46,41.56,42.44,6.96,0
4.91,0.61,5.71,26.9,17.27,78.44,1.19,101.17,6.52,45,45.5,7.06,0
4.19,0.52,5.05,26.58,16.66,77.12,0.96,101.13,5.68,54.94,55.12,6.09,0
4.58,0.57,5.03,27.04,15.87,71.44,0.95,101.08,5.66,51.5,51.75,6.07,0
4.55,0.56,4.84,26.46,15.69,73.06,0.37,101.13,5.41,33.19,34,5.73,0
5.14,0.63,5.97,26.87,17.09,77.75,0.19,101.12,6.83,36.31,36.69,7.43,0
5.11,0.63,6.51,27.09,17.52,78.44,0.29,101.06,7.52,43.81,44.19,8.25,0
2.41,0.3,5.72,27.05,18.49,82.88,7.21,101.04,6.55,48.38,48.94,7.11,0
4.35,0.54,6.12,27.42,18.68,81.94,2.98,101.06,7.08,55.19,55.69,7.78,0
5.16,0.63,6.21,26.92,17.27,78.31,0.43,101.15,7.14,51,51.31,7.76,0
5.19,0.64,5.74,26.08,15.62,74.44,0,101.2,6.49,44.5,44.81,6.98,0
4.46,0.55,6.4,26.9,17.7,80.31,1.28,101.21,7.38,60.75,61.19,8.1,0
5.24,0.64,6.34,26.96,16.85,76.19,0.03,101.23,7.28,59.88,60.31,7.95,0
5.14,0.63,6.16,27.25,16.36,72.75,0.1,101.11,7.07,73.31,73.56,7.74,0
4.93,0.6,5.67,27.48,17.76,77.81,0.41,101.14,6.5,76.31,76.69,7.11,0
4.9,0.6,5.23,27.7,18.19,78.56,0.65,101.17,5.99,70,70.31,6.56,0
5.36,0.66,4.49,27.56,17.64,77.06,0.6,101.09,5.07,68.19,68.56,5.47,0
5.61,0.68,5,27.19,17.7,78.88,0.52,100.99,5.66,53.44,53.69,6.09,0
5.25,0.64,4.82,27.44,18.07,79.25,0.47,100.92,5.46,71.56,72.06,5.92,0
5.26,0.64,5.4,27.98,17.94,76.31,0.26,100.96,6.2,70.69,71.25,6.8,0
3.9,0.47,5.69,27.75,18.68,80.38,0.54,100.99,6.55,69.81,70.12,7.22,0
5.21,0.62,5.8,27.75,18.01,77.75,0.03,101.12,6.7,78.5,79.06,7.39,0
5.47,0.66,5.26,27.43,17.4,76.44,0.06,101.17,5.99,72.38,72.88,6.52,0
5.16,0.62,4.84,27.58,17.4,75.69,0.1,101.16,5.49,70.38,70.62,5.96,0
5.18,0.62,5.28,27.09,17.82,79.88,0.17,101.14,6.01,62.62,62.75,6.52,0
5.65,0.67,4.86,27.14,16.78,75.12,0.27,101.09,5.48,56.25,56.56,5.86,0
5.8,0.69,4.42,26.56,15.2,70.44,0,101.07,4.92,48.75,49.06,5.2,0
5.65,0.67,5.39,26.05,14.53,69.44,0,101.21,6.06,53.12,53.38,6.48,0
4.95,0.59,5.52,26.26,15.69,73.88,0.38,101.22,6.23,53.38,54.06,6.7,0
3.22,0.38,4.62,27.04,18.55,83.5,1.49,101.11,5.23,62.62,63.44,5.63,0
3.91,0.46,3.59,27.58,17.58,76.75,0.2,101.18,4.01,93.81,94.06,4.29,0
5.73,0.67,2.82,27.25,16.24,72.38,0.03,101.2,3.08,67.62,67.19,3.24,0
5.61,0.66,3.7,26.55,15.87,73.62,0,101.2,4.06,57.62,57.81,4.3,0
5.3,0.62,3.81,26.57,14.89,69.12,0,101.2,4.2,53.31,53.69,4.44,0
6.14,0.71,4.48,26.37,12.88,60.69,0,101.3,4.98,43.44,43.56,5.27,0
5.7,0.66,5.07,25.97,13.92,66.88,0,101.34,5.66,47.81,48.25,6.05,0
5.39,0.62,6.42,26.21,14.65,69.44,0.01,101.25,7.35,43.25,43.56,8.02,0
5.15,0.59,6.25,26.37,14.83,69.75,0.09,101.25,7.13,44.62,44.94,7.73,0
4.99,0.57,6.66,26.7,16.17,74.38,0.34,101.26,7.68,48.12,48.81,8.38,0
5.08,0.58,5.65,26.73,16.48,75.56,0.89,101.28,6.42,42.12,42.62,6.92,0
5.69,0.65,5.61,26.87,16.17,73.62,0.13,101.25,6.39,48.88,49.12,6.92,0
5.65,0.64,5.98,27.2,16.11,72,0.2,101.3,6.87,54.25,54.62,7.51,0
5.27,0.59,6.91,26.96,16.48,74.81,0.05,101.46,8.02,48,48.31,8.84,0
5.95,0.67,6.95,26.26,14.71,69.56,0,101.47,8,37.75,37.94,8.7,0
6.42,0.72,6.6,25.93,13.92,67.12,0,101.43,7.55,33.25,33.44,8.16,0
6.09,0.68,5.62,25.76,14.4,70.12,0,101.4,6.34,30.75,31.06,6.77,0
5.36,0.6,4.68,25.87,15.75,76,0,101.29,5.21,36.94,37.56,5.52,0
5.53,0.62,4.8,26.14,17.09,81.12,0.03,101.19,5.38,37.38,38,5.73,0
5.47,0.61,5.67,26.35,16.85,78.94,0.01,101.23,6.45,32.06,32.38,6.96,0
6.24,0.69,7.45,26.21,14.22,67.38,0,101.33,8.64,34.94,35.12,9.48,0
5.96,0.66,6.03,25.6,13.92,68.44,0,101.27,6.83,36.12,36.31,7.35,0
5.96,0.66,4.93,25.73,14.04,68.56,0.01,101.2,5.5,54.31,54.75,5.89,0
6.2,0.68,3.88,25.83,13.55,65.56,0.16,101.22,4.26,65.19,65.94,4.49,0
5.31,0.58,4.47,26.04,15.14,72.31,0.02,101.28,4.97,49.88,50.31,5.26,0
3.77,0.41,4.57,26.45,15.32,71.44,0.47,101.33,5.11,50.12,50.62,5.42,0
3.85,0.41,5.12,26.59,15.44,71.44,0.26,101.29,5.78,53.12,53.38,6.21,0
5.92,0.64,4.8,26.57,15.2,70.5,0,101.21,5.41,43.81,44,5.79,0
6.63,0.71,4.75,26.41,14.71,68.88,0,101.18,5.33,52.19,52.5,5.7,0
6.26,0.67,5.41,26.14,14.77,70.19,0,101.22,6.11,51.06,51.31,6.56,0
6.01,0.64,5.25,26.51,16.17,75.19,0.03,101.3,5.95,58.5,58.94,6.41,0
3.46,0.37,5.52,27.01,18.37,82.88,6.93,101.33,6.34,75.19,75.69,6.95,0
4.57,0.48,6.33,27.2,17.88,79.69,2.63,101.3,7.35,79.12,79.5,8.2,0
5.91,0.62,5.96,26.85,17.4,79.44,0.01,101.34,6.86,59.5,59.81,7.52,0
6.5,0.69,4.55,26.8,16.66,76.31,0.01,101.3,5.11,46.62,46.75,5.49,0
6.51,0.68,4.14,26.86,15.38,70.19,0,101.21,4.61,43.06,43.25,4.93,0
6.07,0.63,3.14,26.92,15.08,68.38,0,101.15,3.44,44.5,44.75,3.62,0
6.61,0.69,2.35,26.68,14.83,68.25,0,101.12,2.53,82.69,83.06,2.62,0
6.7,0.7,1.8,26.41,13.67,63.94,0,101.01,1.91,303.88,304.12,1.97,1
6.65,0.69,0.8,26.51,12.45,57.88,0,100.97,0.84,272.12,272.38,0.85,1
6.8,0.7,1.47,26.81,13.61,62.06,0,101.05,1.55,108.69,108.5,1.61,1
6.83,0.7,1.89,27,13.67,62.06,0,101.29,2.02,35.69,36.19,2.1,0
7.06,0.73,2.49,27.11,14.4,64.88,0,101.31,2.68,55.19,55.31,2.81,0
7.04,0.72,3.12,27.19,14.4,64.38,0,101.21,3.4,49.31,49.62,3.59,0
6.87,0.7,4.08,27.41,15.32,67.56,0,101.23,4.52,46,46.31,4.81,0
6.58,0.67,3.66,27.51,16.85,73.94,0,101.28,4.04,55,55.44,4.29,0
6.82,0.7,2.34,27.44,18.19,79.88,0,101.29,2.52,80.62,80.81,2.65,0
7.04,0.71,2.61,27.28,18.37,81.5,0.03,101.25,2.84,62.25,62.69,2.98,0
7,0.7,3.73,27.51,18.49,80.94,0.1,101.29,4.12,74.56,74.81,4.39,0
7.09,0.71,3.77,27.48,17.64,77.56,0.02,101.35,4.16,56.62,57,4.41,0
7.24,0.73,3.34,27.56,16.91,74,0,101.34,3.67,43.81,44.06,3.88,0
7.27,0.73,3.26,27.45,16.78,73.75,0,101.33,3.56,35.38,35.75,3.76,0
7.19,0.72,4.3,27.68,17.27,74.94,0,101.38,4.78,38.06,38.56,5.11,0
7.03,0.7,4.37,27.8,17.52,75.44,0,101.31,4.88,31,31.25,5.23,0
6.86,0.68,3.91,27.92,16.54,70.69,0.01,101.16,4.34,24.38,24.56,4.62,0
6.05,0.6,3.97,27.83,17.33,74.5,0,101.06,4.4,41.19,41.44,4.69,0
6.78,0.67,4.24,27.98,17.03,72.44,0,101.08,4.73,43.94,44.06,5.07,0
6.83,0.67,4.76,27.88,15.08,64.5,0,101.04,5.34,46.19,46.31,5.73,0
6.37,0.62,3.91,27.7,15.26,66.06,0,101.05,4.32,45.75,45.94,4.59,0
6.53,0.64,3.45,27.62,16.24,70.62,0,100.97,3.79,37.94,38.19,4.02,0
6.93,0.68,2.72,27.98,15.93,67.69,0,100.87,2.95,31.12,31.5,3.09,0
6.9,0.68,2.62,27.84,16.05,68.81,0,100.87,2.84,23.62,24,2.98,0
7.02,0.69,2.73,28,15.99,67.88,0,101.02,2.97,41.25,41.56,3.12,0
6.63,0.65,3.56,28.06,18.13,76.62,0.02,101.04,3.95,46.38,46.62,4.22,0
6.35,0.62,2.71,28.12,18.13,76.31,0.12,101.02,2.95,31.06,31.25,3.09,0
6.47,0.63,2.07,28.18,18.31,76.94,0.48,100.94,2.22,30.75,31.12,2.31,0
4.82,0.47,1.97,28.33,18.68,77.56,1.13,100.93,2.12,89.25,89.56,2.21,0
5.92,0.57,2.48,28.69,18.74,76.44,0.46,100.86,2.7,75.12,75.44,2.84,0
4.06,0.39,0.96,28.34,18.25,75.81,0.68,100.87,1.02,252.31,252,1.04,1
3.64,0.35,2.23,28.4,18.43,76.31,0.58,100.83,2.43,230.5,230.44,2.53,1
6.09,0.59,3.87,28.37,20.08,83.12,0.4,100.71,4.3,257.56,257.69,4.61,1
6.51,0.62,4.98,28.39,20.63,85.06,0.44,100.56,5.67,232.12,232.25,6.16,1
